Brand,Name,Price,Link,Image
CK JEANS ,Áo Kiểu Nữ,2.029.300,https://www.acfc.com.vn/ck-jeans-ao-thun-nu-ck-j217255-yaf.html,https://exacdn.acfc.com.vn/media/catalog/product/cache/e0eb9f74eaaa356eac6b0ce899de6ac0/j/2/j217255-yaf-1_iovdkdqlw9aclgeo.jpg
OLD NAVY ,Áo Thun Nữ,199.000,https://www.acfc.com.vn/old-navy-ao-thun-nu-oln-580387-02.html,https://exacdn.acfc.com.vn/media/catalog/product/cache/e0eb9f74eaaa356eac6b0ce899de6ac0/c/n/cn18789864_uudw9sujs902c7ce.jpg
BANANA REPUBLIC ,Đầm Nữ,3.550.000,https://www.acfc.com.vn/banana-republic-dam-nu-br-787165-02.html,https://exacdn.acfc.com.vn/media/catalog/product/cache/e0eb9f74eaaa356eac6b0ce899de6ac0/c/n/cn27431426_a5crlghacguengrf.jpg
GAP ,Đầm Thun Nữ,1.550.000,https://www.acfc.com.vn/dam-thun-nu-gap-685690-00.html,https://exacdn.acfc.com.vn/media/catalog/product/cache/e0eb9f74eaaa356eac6b0ce899de6ac0/c/n/cn20512267_t4hannadjjnhpqhw.jpg
PARFOIS ,Áo Nữ Santorini,1.390.000,https://www.acfc.com.vn/parfois-ao-nu-santorini-parfoi-190395-bgu-bg.html,https://exacdn.acfc.com.vn/media/catalog/product/cache/e0eb9f74eaaa356eac6b0ce899de6ac0/1/9/190395_bg_1y_omk9nwc2m8xotszi.jpg
OVS ,Áo Thun Nữ,499.000,https://www.acfc.com.vn/ovs-ao-thun-nu-ovs-1518540-1518540.html,https://exacdn.acfc.com.vn/media/catalog/product/cache/e0eb9f74eaaa356eac6b0ce899de6ac0/1/2/12087627_w7wjqrybah0xzqci.jpg
TOMMY JEANS ,Áo Thun Nữ Tay Ngắn Tjw Classic Essential Logo 2 Ss,999.000,https://www.acfc.com.vn/tommy-jeans-ao-thun-nu-tay-ngan-tjw-classic-essential-logo-2-ss-thj-dw0dw12853-ybr.html,https://exacdn.acfc.com.vn/media/catalog/product/cache/e0eb9f74eaaa356eac6b0ce899de6ac0/d/w/dw0dw12853ybr_f_fcjjrcxvpjxxmh1i.png
OLD NAVY ,Áo Nữ,1.195.000,https://www.acfc.com.vn/old-navy-ao-nu-oln-720534-02.html,https://exacdn.acfc.com.vn/media/catalog/product/cache/e0eb9f74eaaa356eac6b0ce899de6ac0/c/n/cn27758803_pykegmtp9fh8za26.jpg
CK UNDERWEAR ,Áo Ngực Nữ,1.070.300,https://www.acfc.com.vn/ck-underwear-ao-nguc-nu-ck-qf6693ad-100.html,https://exacdn.acfc.com.vn/media/catalog/product/cache/e0eb9f74eaaa356eac6b0ce899de6ac0/q/f/qf6693ad-100-1_0ynafcg7bhx1ubar.jpg
CK JEANS ,Áo Lạnh Nữ 0 Fit,3.749.000,https://www.acfc.com.vn/ck-jeans-ao-lanh-nu-0-fit-ck-j218920-beh.html,https://exacdn.acfc.com.vn/media/catalog/product/cache/e0eb9f74eaaa356eac6b0ce899de6ac0/j/2/j218920-beh-1_1.jpg
BANANA REPUBLIC ,Áo Tay Ngắn Nữ,1.950.000,https://www.acfc.com.vn/banana-republic-ao-tay-ngan-nu-br-445871-01.html,https://exacdn.acfc.com.vn/media/catalog/product/cache/e0eb9f74eaaa356eac6b0ce899de6ac0/4/4/445871-01-1_1.jpg
COTTON ON BODY ,Quần Ngắn Thể Thao Nữ-Active Core Bike Short,429.000,https://www.acfc.com.vn/body-quan-ngan-the-thao-nu-active-core-bike-short-coc-630605-26.html,https://exacdn.acfc.com.vn/media/catalog/product/cache/e0eb9f74eaaa356eac6b0ce899de6ac0/6/3/630605-26-2_ahiwlnrpzcktmtts_3_1.jpg
COTTON ON ,Áo Thun Nữ Ngắn Tay-Boyfriend Fit Billie Eilish Te,529.000,https://www.acfc.com.vn/cotton-on-ao-thun-nu-ngan-tay-boyfriend-fit-billie-eilish-te-coc-2054187-01.html,https://exacdn.acfc.com.vn/media/catalog/product/cache/e0eb9f74eaaa356eac6b0ce899de6ac0/2/0/2054187-01-2_awwhkgrpxhoakakf.jpg
COTTON ON BODY ,Áo ngủ ngắn tay nữ - 90S BED T SHIRT,195.000,https://www.acfc.com.vn/body-ao-ngu-ngan-tay-nu-90s-bed-t-shirt-coc-6332007-19.html,https://exacdn.acfc.com.vn/media/catalog/product/cache/e0eb9f74eaaa356eac6b0ce899de6ac0/6/3/6332007-19-2_b7xsm0ny3ndi8xwd.jpg
LEVI'S ,Quần Khaki Nữ Dài,899.000,https://www.acfc.com.vn/levi-s-quan-khaki-nu-dai-levis-36755-0002.html,https://exacdn.acfc.com.vn/media/catalog/product/cache/e0eb9f74eaaa356eac6b0ce899de6ac0/3/6/36755-0002_modelfront_1__3.jpg
TOMMY HILFIGER ,Đầm Nữ Vis Twill Midi Shirt Dress Ls,5.899.000,https://www.acfc.com.vn/tommy-hilfiger-dam-nu-vis-twill-midi-shirt-dress-ls-tommy-ww0ww33296-0j0.html,https://exacdn.acfc.com.vn/media/catalog/product/cache/e0eb9f74eaaa356eac6b0ce899de6ac0/w/w/ww0ww33296_0j0_main__main__vdafvdexfhyia9xu.jpg
COTTON ON ,Quần Ngắn Denim Nữ - Mid Rise Classic Stretch Denim Short,295.000,https://www.acfc.com.vn/cotton-on-quan-ngan-denim-nu-mid-rise-classic-stretch-denim-short-coc-2050748-07.html,https://exacdn.acfc.com.vn/media/catalog/product/cache/e0eb9f74eaaa356eac6b0ce899de6ac0/2/0/2050748-07-2_mykrgzct3satn119.jpg
FRENCH CONNECTION ,Đầm Nữ Cellienne Sequin L/S Dress,4.199.000,https://www.acfc.com.vn/french-connection-dam-nu-cellienne-sequin-l-s-dress-fcuk-71rbv-01.html,https://exacdn.acfc.com.vn/media/catalog/product/cache/e0eb9f74eaaa356eac6b0ce899de6ac0/7/1/71rbv-01-3_1.jpg
PARFOIS ,Áo Len Ocean,1.390.000,https://www.acfc.com.vn/parfois-ao-len-ocean-parfoi-188626-blu-bl.html,https://exacdn.acfc.com.vn/media/catalog/product/cache/e0eb9f74eaaa356eac6b0ce899de6ac0/1/8/188626_bl_1y_sxsygppurxwq7opf.jpg
OVS ,Áo Thun Nữ,549.000,https://www.acfc.com.vn/ovs-ovs-1442528-1442528.html,https://exacdn.acfc.com.vn/media/catalog/product/cache/e0eb9f74eaaa356eac6b0ce899de6ac0/1/1/11952968_fmizgfcoe807dugm_3.jpg
FRENCH CONNECTION ,Quần Dài Nữ Colour Block Sunday Joggers,1.799.000,https://www.acfc.com.vn/french-connection-quan-dai-nu-colour-block-sunday-joggers-fcuk-74sag-90.html,https://exacdn.acfc.com.vn/media/catalog/product/cache/e0eb9f74eaaa356eac6b0ce899de6ac0/7/4/74sag-90-1_nwg1frrid8vyywhr.jpg
MANGO ,Quần Dài Chain,699.000,https://www.acfc.com.vn/mango-quan-dai-chain-mango-87026330-99.html,https://exacdn.acfc.com.vn/media/catalog/product/cache/e0eb9f74eaaa356eac6b0ce899de6ac0/8/7/87026330_99-99999999_01_1.jpg
CK UNDERWEAR ,Áo Ngực Nữ Plunge Fit,1.849.000,https://www.acfc.com.vn/ck-underwear-ao-nguc-nu-plunge-fit-ck-qf6021ad-101.html,https://exacdn.acfc.com.vn/media/catalog/product/cache/e0eb9f74eaaa356eac6b0ce899de6ac0/q/f/qf6021ad-101-1_1.jpg
COTTON ON BODY ,Quần Ngủ Nữ - Summer Lounge Short,195.000,https://www.acfc.com.vn/body-quan-ngu-nu-summer-lounge-short-coc-6331764-14.html,https://exacdn.acfc.com.vn/media/catalog/product/cache/e0eb9f74eaaa356eac6b0ce899de6ac0/6/3/6331764-14-2_mhngrl8pajhaczna_2_1.jpg
CK PERFORMANCE ,Áo Thun Thể Thao Nữ Fashion Fit,1.364.300,https://www.acfc.com.vn/ck-performance-ao-thun-the-thao-nu-fashion-fit-ck-4wf1k102-540.html,https://exacdn.acfc.com.vn/media/catalog/product/cache/e0eb9f74eaaa356eac6b0ce899de6ac0/4/w/4wf1k102-540-1_1.jpg
MANGO ,Áo Len Lucca3,899.000,https://www.acfc.com.vn/mango-ao-len-lucca3-mango-37013791-9.html,https://exacdn.acfc.com.vn/media/catalog/product/cache/e0eb9f74eaaa356eac6b0ce899de6ac0/3/7/37013791_09_dzfm4fsjslugfyb1.jpg
TOMMY JEANS ,Quần Dài Nữ TJW Mom Jog,2.899.000,https://www.acfc.com.vn/tommy-jeans-quan-dai-nu-tjw-mom-jog-thj-dw0dw13092-l0e.html,https://exacdn.acfc.com.vn/media/catalog/product/cache/e0eb9f74eaaa356eac6b0ce899de6ac0/d/w/dw0dw13092l0e_f_sljylcflaaclfy3k.jpg
CK PERFORMANCE ,Quần Thun Thể Thao Nữ 7/8 Length Fit,1.294.300,https://www.acfc.com.vn/ck-performance-quan-thun-the-thao-nu-7-8-length-fit-ck-4wf1l602-401.html,https://exacdn.acfc.com.vn/media/catalog/product/cache/e0eb9f74eaaa356eac6b0ce899de6ac0/4/w/4wf1l602-401-1_1.jpg
LEVI'S ,Áo Thun Nữ Tay Ngắn,449.000,https://www.acfc.com.vn/levi-s-ao-thun-nu-tay-ngan-levis-69973-0160.html,https://exacdn.acfc.com.vn/media/catalog/product/cache/e0eb9f74eaaa356eac6b0ce899de6ac0/8/5/85748_0034_3-recovered-recovered.jpg_0065_69973-0160_cropfront.jpg_1.jpg
CK PERFORMANCE ,Quần Thể Thao Nữ Taper Fit,2.499.000,https://www.acfc.com.vn/ck-performance-quan-the-thao-nu-taper-fit-ck-4ws2p616-001.html,https://exacdn.acfc.com.vn/media/catalog/product/cache/e0eb9f74eaaa356eac6b0ce899de6ac0/4/w/4ws2p616-001-item-2_1.jpg
CK JEANS ,Quần Ngắn Nữ,1.739.400,https://www.acfc.com.vn/ck-jeans-quan-ngan-nu-ck-j217222-1a4.html,https://exacdn.acfc.com.vn/media/catalog/product/cache/e0eb9f74eaaa356eac6b0ce899de6ac0/j/2/j217222-1a4-1_4.jpg
GAP ,Quần Jeans Dài Nữ - High Rise Skinny,1.150.000,https://www.acfc.com.vn/quan-jeans-dai-nu-high-rise-skinny-gap-703520-00.html,https://exacdn.acfc.com.vn/media/catalog/product/cache/e0eb9f74eaaa356eac6b0ce899de6ac0/c/n/cn28793065_6w5ptylozrr7ujmg.jpg
OVS ,Đầm Nữ,1.299.000,https://www.acfc.com.vn/ovs-dam-nu-ovs-1449021-1449021.html,https://exacdn.acfc.com.vn/media/catalog/product/cache/e0eb9f74eaaa356eac6b0ce899de6ac0/1/2/12098967_5.jpg
FRENCH CONNECTION ,Áo Dệt Kim Nữ Ramona Knits Layered Jumper,899.000,https://www.acfc.com.vn/french-connection-ao-det-kim-nu-ramona-knits-layered-jumper-fcuk-78mbx-01.html,https://exacdn.acfc.com.vn/media/catalog/product/cache/e0eb9f74eaaa356eac6b0ce899de6ac0/7/8/78mbx-womens-cr-black-ramona-knits-lace-layered-sweater-3_1.jpg
CK UNDERWEAR ,Quần Lót Nữ Hipster Fit,359.400,https://www.acfc.com.vn/ck-underwear-quan-lot-nu-hipster-fit-ck-qd3793-wlg.html,https://exacdn.acfc.com.vn/media/catalog/product/cache/e0eb9f74eaaa356eac6b0ce899de6ac0/q/d/qd3793-wlg-item-2_bi52we3dsicigxow.jpg
TOMMY HILFIGER ,Áo Polo Nữ Tay Ngắn IM Reg Sequin Crest C-Nk Polo SS,2.899.000,https://www.acfc.com.vn/tommy-hilfiger-ao-polo-nu-tay-ngan-im-reg-sequin-crest-c-nk-polo-ss-tommy-ww0ww36539-dw5.html,https://exacdn.acfc.com.vn/media/catalog/product/cache/e0eb9f74eaaa356eac6b0ce899de6ac0/w/w/ww0ww36539dw5_f_jxvbof6l7p0pqtt0.jpg
COTTON ON ,Đầm Suôn Nữ-Tina Tshirt Dress 2,349.000,https://www.acfc.com.vn/cotton-on-dam-suon-nu-tina-tshirt-dress-2-coc-248600-362.html,https://exacdn.acfc.com.vn/media/catalog/product/cache/e0eb9f74eaaa356eac6b0ce899de6ac0/2/4/248600-362-2_2k7nm8hv0aneeyqw.jpg
PARFOIS ,Áo Pinky,1.190.000,https://www.acfc.com.vn/parfois-ao-pinky-parfoi-182483-pku-pk.html,https://exacdn.acfc.com.vn/media/catalog/product/cache/e0eb9f74eaaa356eac6b0ce899de6ac0/1/8/182483_pk_1y_onpkctqnhhuqojie_1.jpg
CK JEANS ,Quần Ngắn Nữ Mom Jeans Fit,2.999.000,https://www.acfc.com.vn/ck-jeans-quan-ngan-nu-mom-jeans-fit-ck-j219199-1bj.html,https://exacdn.acfc.com.vn/media/catalog/product/cache/e0eb9f74eaaa356eac6b0ce899de6ac0/c/2/c25_01_j2191991bj_mo-st-f2_1.jpg
LEVI'S ,Áo Kiểu Nữ Tay Lửng,1.299.000,https://www.acfc.com.vn/levi-s-ao-kieu-nu-tay-lung-levis-a1878-0000.html,https://exacdn.acfc.com.vn/media/catalog/product/cache/e0eb9f74eaaa356eac6b0ce899de6ac0/a/1/a18780000-front-pdp_kqepsrzbssfr5gug.jpg
OLD NAVY ,Quần Nữ,795.000,https://www.acfc.com.vn/old-navy-quan-nu-oln-734814-00.html,https://exacdn.acfc.com.vn/media/catalog/product/cache/e0eb9f74eaaa356eac6b0ce899de6ac0/c/n/cn26927909_sxy4r9p6jfj8kt1z.jpg
LEVI'S ,Áo Thun Nữ Tay Ngắn,449.000,https://www.acfc.com.vn/levi-s-ao-thun-nu-tay-ngan-levis-29674-0134.html,https://exacdn.acfc.com.vn/media/catalog/product/cache/e0eb9f74eaaa356eac6b0ce899de6ac0/2/9/29674-0134-cropfront_1.jpg
FRENCH CONNECTION ,Đầm Nữ Alianna Mix Tiered Dress,3.299.000,https://www.acfc.com.vn/french-connection-dam-nu-fcuk-71rol-10.html,https://exacdn.acfc.com.vn/media/catalog/product/cache/e0eb9f74eaaa356eac6b0ce899de6ac0/7/1/71rol-10-2_1.jpg
CK PERFORMANCE ,Áo Thun Thể Thao Nữ Medium Support Fit,1.469.300,https://www.acfc.com.vn/ck-performance-ao-thun-the-thao-nu-medium-support-fit-ck-4wt1k187-612.html,https://exacdn.acfc.com.vn/media/catalog/product/cache/e0eb9f74eaaa356eac6b0ce899de6ac0/4/w/4wt1k187-612-2_1.jpg
CK UNDERWEAR ,Áo Ngực Nữ Demi Fit,1.399.000,https://www.acfc.com.vn/ck-underwear-ao-nguc-nu-demi-fit-ck-qf6865ad-0ut.html,https://exacdn.acfc.com.vn/media/catalog/product/cache/e0eb9f74eaaa356eac6b0ce899de6ac0/q/f/qf6865ad-0ut-item-2_hwfy6jhz9ictym1f.jpg
MANGO ,Quần Jeans Antonela,799.000,https://www.acfc.com.vn/mango-quan-jeans-antonela-mango-17082001-to.html,https://exacdn.acfc.com.vn/media/catalog/product/cache/e0eb9f74eaaa356eac6b0ce899de6ac0/1/7/17082001_to-99999999_01_result_1.jpg
TOMMY JEANS ,Áo Polo Nữ Tay Ngắn Tjw Center Badge Polo Ss,1.699.000,https://www.acfc.com.vn/tommy-jeans-ao-polo-nu-tay-ngan-tjw-center-badge-polo-ss-thj-dw0dw10347-ybr.html,https://exacdn.acfc.com.vn/media/catalog/product/cache/e0eb9f74eaaa356eac6b0ce899de6ac0/d/w/dw0dw10347_ybr_main__main__pr9ijb37mknl6iy1.jpg
OVS ,Đầm Nữ,499.000,https://www.acfc.com.vn/ovs-dam-nu-ovs-1257283-1257283.html,https://exacdn.acfc.com.vn/media/catalog/product/cache/e0eb9f74eaaa356eac6b0ce899de6ac0/1/1/11684676_xt7fxna9a5ivxwdo_2_3.jpg
TOMMY HILFIGER ,Áo Sơ Mi Nữ Tay Dài Org Cotton N Regular Shirt LS,2.799.000,https://www.acfc.com.vn/tommy-hilfiger-ao-so-mi-nu-tay-dai-org-cotton-n-regular-shirt-ls-tommy-ww0ww36431-ycf.html,https://exacdn.acfc.com.vn/media/catalog/product/cache/e0eb9f74eaaa356eac6b0ce899de6ac0/w/w/ww0ww36431_ycf_main__main__llot39k4eqv62f8b.jpg
MANGO ,Áo Sơ Mi Lineas,799.000,https://www.acfc.com.vn/mango-ao-so-mi-lineas-mango-17015953-2.html,https://exacdn.acfc.com.vn/media/catalog/product/cache/e0eb9f74eaaa356eac6b0ce899de6ac0/1/7/17015953_02-99999999_01_zpvdyvwvrqmieh4i.jpg
PARFOIS ,Đầm Essentials T Display 1,1.190.000,https://www.acfc.com.vn/parfois-dam-essentials-t-display-1-parfois-190292-fu.html,https://exacdn.acfc.com.vn/media/catalog/product/cache/e0eb9f74eaaa356eac6b0ce899de6ac0/1/9/190292_fu_2y_zdxb9palbon1kqss_1.jpg
COTTON ON BODY ,Áo Bra Thể Thao Nữ - Ultra Soft Strappy Crop,529.000,https://www.acfc.com.vn/body-ao-bra-the-thao-nu-ultra-soft-strappy-crop-coc-6334584-07.html,https://exacdn.acfc.com.vn/media/catalog/product/cache/e0eb9f74eaaa356eac6b0ce899de6ac0/6/3/6334584-07-1_p5vmikx5i7anjbjl_2.jpg
CK JEANS ,Áo Thun Nữ Oversized Crop Fit,2.029.000,https://www.acfc.com.vn/ck-jeans-ao-thun-nu-oversized-crop-fit-ck-j218912-beh.html,https://exacdn.acfc.com.vn/media/catalog/product/cache/e0eb9f74eaaa356eac6b0ce899de6ac0/j/2/j218912-beh-1_1.jpg
TOMMY HILFIGER ,Áo Polo Nữ Tay Ngắn TH Essential Reg Polo Ss,1.899.000,https://www.acfc.com.vn/tommy-hilfiger-ao-polo-nu-tay-ngan-th-essential-reg-polo-ss-tommy-ww0ww28578-c1o.html,https://exacdn.acfc.com.vn/media/catalog/product/cache/e0eb9f74eaaa356eac6b0ce899de6ac0/w/w/ww0ww28578_c1o_main_1.jpeg
TOMMY JEANS ,Áo Sơ Mi Nữ Tay Dài Tjw Striped Linen Blend Bf Shirt,2.599.000,https://www.acfc.com.vn/tommy-jeans-ao-so-mi-nu-tay-dai-tjw-striped-linen-blend-bf-shirt-thj-dw0dw13028-c22.html,https://exacdn.acfc.com.vn/media/catalog/product/cache/e0eb9f74eaaa356eac6b0ce899de6ac0/d/w/dw0dw13028c22_f_tf8sikiuekdjhzix.png
MANGO ,Đầm Gali,899.000,https://www.acfc.com.vn/mango-dam-gali-mango-27017746-12.html,https://exacdn.acfc.com.vn/media/catalog/product/cache/e0eb9f74eaaa356eac6b0ce899de6ac0/2/7/27017746_12-99999999_01_qtz0z7b4jafe51kk.jpg
BANANA REPUBLIC ,Chân Váy Nữ,3.350.000,https://www.acfc.com.vn/banana-republic-chan-vay-nu-br-447265-00.html,https://exacdn.acfc.com.vn/media/catalog/product/cache/e0eb9f74eaaa356eac6b0ce899de6ac0/4/4/447265-00-1_2.jpg
LEVI'S ,Áo Thun Nữ Tay Ngắn,399.000,https://www.acfc.com.vn/levi-s-ao-thun-nu-tay-ngan-levis-17369-1883.html,https://exacdn.acfc.com.vn/media/catalog/product/cache/e0eb9f74eaaa356eac6b0ce899de6ac0/1/7/17369-1883-cropfront_1__2.jpg
COTTON ON BODY ,Áo Bra Thể Thao Nữ-Strappy Sports Crop,429.000,https://www.acfc.com.vn/body-ao-bra-the-thao-nu-strappy-sports-crop-coc-670031-05.html,https://exacdn.acfc.com.vn/media/catalog/product/cache/e0eb9f74eaaa356eac6b0ce899de6ac0/6/7/670031-05-1_nugs8nhhgv0ne0oa_1.jpg
BANANA REPUBLIC ,Áo Thun Nữ Tay Ngắn I Ss Flounce S,1.150.000,https://www.acfc.com.vn/banana-republic-ao-thun-nu-tay-ngan-i-ss-flounce-s-br-865236-02.html,https://exacdn.acfc.com.vn/media/catalog/product/cache/e0eb9f74eaaa356eac6b0ce899de6ac0/8/6/865236-02-1_1.jpg
CK UNDERWEAR ,Quần Lót Nữ Bikini Fit,559.300,https://www.acfc.com.vn/ck-underwear-quan-lot-nu-bikini-fit-ck-qf6308ad-vdd.html,https://exacdn.acfc.com.vn/media/catalog/product/cache/e0eb9f74eaaa356eac6b0ce899de6ac0/1/6/16300460818353396_1.jpg
COTTON ON ,Váy Mini Nữ - Scout Cargo Mini Skirt,679.000,https://www.acfc.com.vn/cotton-on-vay-mini-nu-scout-cargo-mini-skirt-coc-2054887-04.html,https://exacdn.acfc.com.vn/media/catalog/product/cache/e0eb9f74eaaa356eac6b0ce899de6ac0/2/0/2054887-04-2_qkpuhsjphtyjudh0.jpg
FRENCH CONNECTION ,Áo Kiểu Nữ Pf Mati Drp Jrs Bt Nk Slvls Tp,399.000,https://www.acfc.com.vn/french-connection-ao-kieu-nu-pf-mati-drp-jrs-bt-nk-slvls-tp-fcuk-76nyi-20.html,https://exacdn.acfc.com.vn/media/catalog/product/cache/e0eb9f74eaaa356eac6b0ce899de6ac0/7/6/76nyi-20-1_1.jpg
GAP ,Áo Sơ Mi Tay Ngắn Nữ,999.000,https://www.acfc.com.vn/gap-ao-so-mi-tay-ngan-nu-gap-861843-00.html,https://exacdn.acfc.com.vn/media/catalog/product/cache/e0eb9f74eaaa356eac6b0ce899de6ac0/c/n/cn29447728_zcngvgj7tsj0nij5.jpg
CK PERFORMANCE ,Quần Thể Thao Nữ Regular Fit,1.649.000,https://www.acfc.com.vn/ck-performance-quan-the-thao-nu-regular-fit-ck-4ws2p608-001.html,https://exacdn.acfc.com.vn/media/catalog/product/cache/e0eb9f74eaaa356eac6b0ce899de6ac0/4/w/4ws2p608-001-item-2_1_1.jpg
PARFOIS ,Áo Poncho Lateral,1.590.000,https://www.acfc.com.vn/parfois-ao-poncho-lateral-parfoi-192092-cau-ca.html,https://exacdn.acfc.com.vn/media/catalog/product/cache/e0eb9f74eaaa356eac6b0ce899de6ac0/1/9/192092_ca_1yf_wt5qcx08halsxho0.jpg
TOMMY HILFIGER ,Đầm Nữ Fit & Flare Midi Polo Dress NS,3.699.000,https://www.acfc.com.vn/tommy-hilfiger-dam-nu-fit-flare-midi-polo-dress-ns-tommy-ww0ww30498-ycf.html,https://exacdn.acfc.com.vn/media/catalog/product/cache/e0eb9f74eaaa356eac6b0ce899de6ac0/w/w/ww0ww30498ycf_f_pzxkjw1qktnbaqoa.jpg
GAP ,Áo Thun Tay Ngắn Nữ,399.000,https://www.acfc.com.vn/gap-ao-thun-tay-ngan-nu-gap-697193-03.html,https://exacdn.acfc.com.vn/media/catalog/product/cache/e0eb9f74eaaa356eac6b0ce899de6ac0/c/n/cn29398355_izbebjq7rzwld29n.jpg
TOMMY JEANS ,Áo Polo Nữ Tay Dài TJW Super Crop Vneck Polo LS,1.799.000,https://www.acfc.com.vn/tommy-jeans-ao-polo-nu-tay-dai-tjw-super-crop-vneck-polo-ls-thj-dw0dw14259-tob.html,https://exacdn.acfc.com.vn/media/catalog/product/cache/e0eb9f74eaaa356eac6b0ce899de6ac0/d/w/dw0dw14259_tob_main__main__njzm9bfe8fnbgk0f.jpg
OLD NAVY ,Quần Dài Nữ Slim Fit,497.500,https://www.acfc.com.vn/old-navy-quan-dai-nu-slim-fit-oln-551152-04.html,https://exacdn.acfc.com.vn/media/catalog/product/cache/e0eb9f74eaaa356eac6b0ce899de6ac0/5/5/551152-04-1_2.jpg
OVS ,Áo Khoác Nữ,199.000,https://www.acfc.com.vn/ovs-ao-chui-dau-nu-ovs-768288-768295.html,https://exacdn.acfc.com.vn/media/catalog/product/cache/e0eb9f74eaaa356eac6b0ce899de6ac0/1/1/11252813.jpeg
GAP ,Đầm Thun Nữ,599.000,https://www.acfc.com.vn/dam-thun-nu-gap-583588-01.html,https://exacdn.acfc.com.vn/media/catalog/product/cache/e0eb9f74eaaa356eac6b0ce899de6ac0/0/c/0ca2c_cn18707445.jpg
GAP ,Quần Vải Dài Nữ - Utility Jogger,999.000,https://www.acfc.com.vn/quan-vai-dai-nu-utility-jogger-gap-471483-02.html,https://exacdn.acfc.com.vn/media/catalog/product/cache/e0eb9f74eaaa356eac6b0ce899de6ac0/p/i/pic_001_16_1.jpg
COTTON ON ,Quần Jeans Nữ - Mid Rise Cropped Skinny Jean,195.000,https://www.acfc.com.vn/cotton-on-quan-jeans-nu-mid-rise-cropped-skinny-jean-cotton-on-241182.html,https://exacdn.acfc.com.vn/media/catalog/product/cache/e0eb9f74eaaa356eac6b0ce899de6ac0/2/4/241182-213-1.jpg
TOMMY HILFIGER ,Đầm Nữ Org Co Stp Midi Shirt Dress LS,5.199.000,https://www.acfc.com.vn/tommy-hilfiger-dam-nu-org-co-stp-midi-shirt-dress-ls-tommy-ww0ww35129-0ev.html,https://exacdn.acfc.com.vn/media/catalog/product/cache/e0eb9f74eaaa356eac6b0ce899de6ac0/w/w/ww0ww35129_0ev_main__main__uyktxbtqf8vckght.jpg
BANANA REPUBLIC ,Áo Kiểu Không Tay Nữ,1.650.000,https://www.acfc.com.vn/banana-republic-ao-kieu-khong-tay-nu-br-780583-00.html,https://exacdn.acfc.com.vn/media/catalog/product/cache/e0eb9f74eaaa356eac6b0ce899de6ac0/c/n/cn28098855_tnyqoeuszfdwo0ad.jpg
CK PERFORMANCE ,Áo Thun Thể Thao Nữ Relaxed Fit,909.300,https://www.acfc.com.vn/ck-performance-ao-thun-the-thao-nu-relaxed-fit-ck-4wt1k131-628.html,https://exacdn.acfc.com.vn/media/catalog/product/cache/e0eb9f74eaaa356eac6b0ce899de6ac0/4/w/4wt1k131-628-1_2.jpg
CK PERFORMANCE ,Áo Bra Thể Thao Nữ Medium Support Fit,1.699.000,https://www.acfc.com.vn/ck-performance-ao-thun-the-thao-nu-medium-support-fit-ck-4ws2k167-002.html,https://exacdn.acfc.com.vn/media/catalog/product/cache/e0eb9f74eaaa356eac6b0ce899de6ac0/4/w/4ws2k167-002-1_1.jpg
COTTON ON ,Áo Ngắn Tay Nữ-The One Organic Rib Crew Short,195.000,https://www.acfc.com.vn/cotton-on-ao-ngan-tay-nu-the-one-organic-rib-crew-short-coc-2052413-19.html,https://exacdn.acfc.com.vn/media/catalog/product/cache/e0eb9f74eaaa356eac6b0ce899de6ac0/2/0/2052413-19-2_kxneurqs1nauwtxw.jpg
OLD NAVY ,Áo Nữ,1.295.000,https://www.acfc.com.vn/old-navy-ao-nu-oln-771109-01.html,https://exacdn.acfc.com.vn/media/catalog/product/cache/e0eb9f74eaaa356eac6b0ce899de6ac0/c/n/cn28011412_aexgafhpu2manijv.jpg
MANGO ,Áo Thun Heraml,299.000,https://www.acfc.com.vn/mango-ao-thun-heraml-mango-17095780-5.html,https://exacdn.acfc.com.vn/media/catalog/product/cache/e0eb9f74eaaa356eac6b0ce899de6ac0/1/7/17095780_05_lxywj6ydqiyy4jul_2.jpg
OVS ,Quần Short Nữ,599.000,https://www.acfc.com.vn/ovs-ovs-1447115-1447115.html,https://exacdn.acfc.com.vn/media/catalog/product/cache/e0eb9f74eaaa356eac6b0ce899de6ac0/1/2/12019226_91s60wm1xq7ubwic.jpg
COTTON ON BODY ,Áo Thun Dài Tay Nữ - Sleep Recovery Cropped Long Sleeve Top,579.000,https://www.acfc.com.vn/body-ao-thun-dai-tay-nu-sleep-recovery-cropped-long-sleeve-top-coc-6334654-03.html,https://exacdn.acfc.com.vn/media/catalog/product/cache/e0eb9f74eaaa356eac6b0ce899de6ac0/6/3/6334654-03-2_fsxao6nf6k3zzfiy.jpg
FRENCH CONNECTION ,Áo Sơ Mi Nữ Helena Recycled Crinkle Top,1.799.000,https://www.acfc.com.vn/french-connection-ao-so-mi-nu-helena-recycled-crinkle-top-fcuk-72sbb-10.html,https://exacdn.acfc.com.vn/media/catalog/product/cache/e0eb9f74eaaa356eac6b0ce899de6ac0/7/2/72sbb-10-1_1_1.jpg
CK UNDERWEAR ,Quần Lót Nữ Hipster Fit,859.000,https://www.acfc.com.vn/ck-underwear-quan-lot-nu-hipster-fit-ck-qf6357ad-101.html,https://exacdn.acfc.com.vn/media/catalog/product/cache/e0eb9f74eaaa356eac6b0ce899de6ac0/q/f/qf6357ad-101-1_1.jpg
COTTON ON ,Quần Dài Nữ-Petite Darcy Pant,395.000,https://www.acfc.com.vn/cotton-on-quan-dai-nu-petite-darcy-pant-coc-2053037-03.html,https://exacdn.acfc.com.vn/media/catalog/product/cache/e0eb9f74eaaa356eac6b0ce899de6ac0/2/0/2053037-03-2_ghxmpp1rpsgxp0ff.jpg
TOMMY JEANS ,Áo Thun Nữ Tay Ngắn TJW RLXD TJBest Pizza SS,1.199.000,https://www.acfc.com.vn/tommy-jeans-ao-thun-nu-tay-ngan-tjw-rlxd-tjbest-pizza-ss-tj-dw0dw13731-ybr.html,https://exacdn.acfc.com.vn/media/catalog/product/cache/e0eb9f74eaaa356eac6b0ce899de6ac0/d/w/dw0dw13731_ybr_main__main__sppnybd4lqrlcbsw.jpg
LEVI'S ,Áo Thun Nữ Tay Ngắn,349.000,https://www.acfc.com.vn/levi-s-ao-thun-nu-tay-ngan-levis-34932-0001.html,https://exacdn.acfc.com.vn/media/catalog/product/cache/e0eb9f74eaaa356eac6b0ce899de6ac0/3/4/34932-0001-1_0hinjnlqwyr9h8dz.jpg
FRENCH CONNECTION ,Áo Thun Nữ Pf Perinne Org Cot Jrsy Top,799.000,https://www.acfc.com.vn/french-connection-ao-thun-nu-pf-perinne-org-cot-jrsy-top-fcuk-76gzp-10.html,https://exacdn.acfc.com.vn/media/catalog/product/cache/e0eb9f74eaaa356eac6b0ce899de6ac0/7/6/76gzp-10-1_faxoiehcq8dibcut.jpg
PARFOIS ,Đầm Amarillo,1.390.000,https://www.acfc.com.vn/parfois-dam-amarillo-parfoi-194620-bn.html,https://exacdn.acfc.com.vn/media/catalog/product/cache/e0eb9f74eaaa356eac6b0ce899de6ac0/1/9/194620_bn_1y_o7nwv554bfopkzz0.jpg
GAP ,Quần Short Jeans Nữ,999.000,https://www.acfc.com.vn/quan-short-jeans-nu-gap-547198-00.html,https://exacdn.acfc.com.vn/media/catalog/product/cache/e0eb9f74eaaa356eac6b0ce899de6ac0/c/n/cn18101123_8m5ukaymgt0foasj.jpg
TOMMY HILFIGER ,Quần Ngắn Nữ Cotton Twill Chino Short,2.899.000,https://www.acfc.com.vn/tommy-hilfiger-quan-ngan-nu-cotton-twill-chino-short-tommy-ww0ww36429-ybl.html,https://exacdn.acfc.com.vn/media/catalog/product/cache/e0eb9f74eaaa356eac6b0ce899de6ac0/w/w/ww0ww36429_ybl_main__main__0adibufu7ux8v6vm.jpg
CK JEANS ,Quần Jeans Nữ 015 HR Body Skinny Fit,2.214.500,https://www.acfc.com.vn/ck-jeans-quan-jeans-nu-015-hr-body-skinny-fit-ck-j216331-1bz.html,https://exacdn.acfc.com.vn/media/catalog/product/cache/e0eb9f74eaaa356eac6b0ce899de6ac0/j/2/j216331-1bz-1_1.jpg
CK UNDERWEAR ,Đầm Ngủ Nữ,2.099.300,https://www.acfc.com.vn/ck-underwear-dam-ngu-nu-ck-qs6740-xju.html,https://exacdn.acfc.com.vn/media/catalog/product/cache/e0eb9f74eaaa356eac6b0ce899de6ac0/q/s/qs6740-xju-item-1_m4p13mu3hbhu1h7q_1.jpg
CK JEANS ,Quần Jeans Nữ 061 Mr Boy Fit,5.549.000,https://www.acfc.com.vn/ck-jeans-quan-jeans-nu-061-mr-boy-fit-ck-j218770-1bj.html,https://exacdn.acfc.com.vn/media/catalog/product/cache/e0eb9f74eaaa356eac6b0ce899de6ac0/j/2/j218770-1bj-1_3_1.jpg
TOMMY JEANS ,Áo Thun Nữ Tay Ngắn,1.099.000,https://www.acfc.com.vn/tommy-hilfiger-ao-thun-nu-tay-ngan-thj-dw0dw06813-pj4.html,https://exacdn.acfc.com.vn/media/catalog/product/cache/e0eb9f74eaaa356eac6b0ce899de6ac0/d/w/dw0dw06813_pj4_1_2.jpg
MANGO ,Áo Len Shoulder,899.000,https://www.acfc.com.vn/mango-ao-len-shoulder-mango-17005782-5.html,https://exacdn.acfc.com.vn/media/catalog/product/cache/e0eb9f74eaaa356eac6b0ce899de6ac0/1/7/17005782_05-99999999_01_wk9gr5leungbhtzq.jpg
BANANA REPUBLIC ,Đầm Nữ,3.350.000,https://www.acfc.com.vn/banana-republic-dam-nu-br-860315-01.html,https://exacdn.acfc.com.vn/media/catalog/product/cache/e0eb9f74eaaa356eac6b0ce899de6ac0/c/n/cn28800847_kpmpjl76rleyhedu.jpg
OLD NAVY ,Áo Thun Nữ,395.000,https://www.acfc.com.vn/old-navy-ao-thun-nu-oln-699268-04.html,https://exacdn.acfc.com.vn/media/catalog/product/cache/e0eb9f74eaaa356eac6b0ce899de6ac0/c/n/cn20446459_tmgzbs9u5qsbiqvh.jpg
CK PERFORMANCE ,Áo Thun Thể Thao Nữ Polo Fit,1.949.000,https://www.acfc.com.vn/ck-performance-ao-thun-the-thao-nu-polo-fit-ck-4ws2k169-540.html,https://exacdn.acfc.com.vn/media/catalog/product/cache/e0eb9f74eaaa356eac6b0ce899de6ac0/4/w/4ws2k169-540-1_1.jpg
LEVI'S ,Quần Jeans Nữ Dài Straight,2.199.000,https://www.acfc.com.vn/levi-s-quan-jeans-nu-dai-straight-levis-a3494-0015.html,https://exacdn.acfc.com.vn/media/catalog/product/cache/e0eb9f74eaaa356eac6b0ce899de6ac0/a/3/a3494-0015-moodshot_2.jpg
PARFOIS ,Áo Mars,1.390.000,https://www.acfc.com.vn/parfois-ao-mars-parfoi-194947-kk.html,https://exacdn.acfc.com.vn/media/catalog/product/cache/e0eb9f74eaaa356eac6b0ce899de6ac0/1/9/194947_kk_1y_ibuj3fi0od25tjbq.jpg
OLD NAVY ,Áo Nữ,695.000,https://www.acfc.com.vn/old-navy-ao-nu-oln-739590-02.html,https://exacdn.acfc.com.vn/media/catalog/product/cache/e0eb9f74eaaa356eac6b0ce899de6ac0/c/n/cn27827061_9qwnfzchtggmhasm.jpg
BANANA REPUBLIC ,Đầm Nữ,3.350.000,https://www.acfc.com.vn/banana-republic-dam-nu-br-748840-01.html,https://exacdn.acfc.com.vn/media/catalog/product/cache/e0eb9f74eaaa356eac6b0ce899de6ac0/c/n/cn27674980_rj2ho6krdbs1gda8.jpg
OVS ,Quần Jeans Nữ,599.000,https://www.acfc.com.vn/ovs-quan-jeans-nu-ovs-887744-887744.html,https://exacdn.acfc.com.vn/media/catalog/product/cache/e0eb9f74eaaa356eac6b0ce899de6ac0/1/1/11650030_qqan2duzb9legavi_5_1.jpg
COTTON ON BODY ,Áo Bơi Nữ - Gathered Front Crop Bikini Top,429.000,https://www.acfc.com.vn/body-ao-boi-nu-gathered-front-crop-bikini-top-coc-6334308-01.html,https://exacdn.acfc.com.vn/media/catalog/product/cache/e0eb9f74eaaa356eac6b0ce899de6ac0/6/3/6334308-01-2_w75mv7zah1z9ccnn.jpg
OVS ,Áo Kiểu Nữ,799.000,https://www.acfc.com.vn/ovs-ao-kieu-nu-ovs-1496616-1496616.html,https://exacdn.acfc.com.vn/media/catalog/product/cache/e0eb9f74eaaa356eac6b0ce899de6ac0/1/2/12066491_i3axz0befwty8jma_2.jpg
CK JEANS ,Quần Jeans Nữ Body Fit,5.259.000,https://www.acfc.com.vn/ck-jeans-quan-jeans-nu-body-fit-ck-j218750-1bj.html,https://exacdn.acfc.com.vn/media/catalog/product/cache/e0eb9f74eaaa356eac6b0ce899de6ac0/j/2/j218750-1bj-1_1.jpg
COTTON ON ,Áo Thun Có Họa Tiết Nữ - Micro Fit Rib Graphic Tee,429.000,https://www.acfc.com.vn/cotton-on-ao-thun-co-hoa-tiet-nu-micro-fit-rib-graphic-tee-coc-2052773-54.html,https://exacdn.acfc.com.vn/media/catalog/product/cache/e0eb9f74eaaa356eac6b0ce899de6ac0/2/0/2052773-54-2_o6ntkgrqd98rjuhg.jpg
OVS ,Quần Dài Nữ,1.099.000,https://www.acfc.com.vn/ovs-quan-dai-nu-ovs-1213690-1213690.html,https://exacdn.acfc.com.vn/media/catalog/product/cache/e0eb9f74eaaa356eac6b0ce899de6ac0/1/1/11635002_p13bovtuv9prkn0w_4_4.jpg
PARFOIS ,Áo Palm Beach,1.190.000,https://www.acfc.com.vn/parfois-ao-palm-beach-parfois-parfoi-185564-blu-bl.html,https://exacdn.acfc.com.vn/media/catalog/product/cache/e0eb9f74eaaa356eac6b0ce899de6ac0/1/8/185564_bl_1y_oj6tgobfhiq2qojo.jpg
TOMMY HILFIGER ,Quần Jeans Nữ Slim Cigarette Hw A Alix,3.199.000,https://www.acfc.com.vn/tommy-hilfiger-quan-jeans-nu-slim-cigarette-hw-a-alix-tommy-ww0ww34563-1bj.html,https://exacdn.acfc.com.vn/media/catalog/product/cache/e0eb9f74eaaa356eac6b0ce899de6ac0/w/w/ww0ww345631bj_f_lnhqqodwkkqj2zkf.jpg
FRENCH CONNECTION ,Đầm Nữ PF Cassia Elitan Lng Tea Drs,3.399.000,https://www.acfc.com.vn/french-connection-dam-nu-pf-cassia-elitan-lng-tea-drs-fcuk-71snc-90.html,https://exacdn.acfc.com.vn/media/catalog/product/cache/e0eb9f74eaaa356eac6b0ce899de6ac0/7/1/71snc-90-1_rdhpxxpwhwzrjni8.jpg
BANANA REPUBLIC ,Áo Kiểu Tay Dài Nữ,1.950.000,https://www.acfc.com.vn/banana-republic-ao-kieu-tay-dai-nu-br-772525-00.html,https://exacdn.acfc.com.vn/media/catalog/product/cache/e0eb9f74eaaa356eac6b0ce899de6ac0/c/n/cn28183573_t48eolsjoayy0oou_3.jpg
CK JEANS ,Áo Thun Nữ,1.630.300,https://www.acfc.com.vn/ck-jeans-ao-thun-nu-ck-j218687-c4w.html,https://exacdn.acfc.com.vn/media/catalog/product/cache/e0eb9f74eaaa356eac6b0ce899de6ac0/j/2/j218687-c4w-1_kio1isxh8hbgwrbv.jpg
TOMMY HILFIGER ,Quần Bơi Nữ Cheeky Bikini,1.399.000,https://www.acfc.com.vn/tommy-hilfiger-quan-boi-nu-cheeky-bikini-tommy-uw0uw02697-dw5.html,https://exacdn.acfc.com.vn/media/catalog/product/cache/e0eb9f74eaaa356eac6b0ce899de6ac0/u/w/uw0uw02697_dw5_main__main__42s2ibhqhprdo0ls.jpg
GAP ,Đầm Thun Nữ - Polo Rib Midi,1.650.000,https://www.acfc.com.vn/gap-dam-thun-nu-polo-rib-midi-gap-427587-00.html,https://exacdn.acfc.com.vn/media/catalog/product/cache/e0eb9f74eaaa356eac6b0ce899de6ac0/c/n/cn29328688_yx4rapqnzpfxscga.jpg
PARFOIS ,Áo Kimono Lateral,1.390.000,https://www.acfc.com.vn/parfois-ao-kimono-lateral-parfoi-187933-ecu-ec.html,https://exacdn.acfc.com.vn/media/catalog/product/cache/e0eb9f74eaaa356eac6b0ce899de6ac0/1/8/187933_ec_1y_1.jpg
COTTON ON BODY ,Quần Thun Ngắn Nữ - Seamless Rib Bike Short,529.000,https://www.acfc.com.vn/body-quan-thun-ngan-nu-seamless-rib-bike-short-coc-6334691-01.html,https://exacdn.acfc.com.vn/media/catalog/product/cache/e0eb9f74eaaa356eac6b0ce899de6ac0/6/3/6334691-01-1_bvaokuqpxcew6rv1_1.jpg
CK PERFORMANCE ,Áo Thun Thể Thao Nữ Relaxed Fit,909.300,https://www.acfc.com.vn/ck-performance-ao-thun-the-thao-nu-relaxed-fit-ck-4wt1k131-100.html,https://exacdn.acfc.com.vn/media/catalog/product/cache/e0eb9f74eaaa356eac6b0ce899de6ac0/4/w/4wt1k131-100-1_1.jpg
COTTON ON BODY ,Quần Short Nữ-Knit Boy Short,295.000,https://www.acfc.com.vn/body-quan-short-nu-knit-boy-short-coc-6333892-02.html,https://exacdn.acfc.com.vn/media/catalog/product/cache/e0eb9f74eaaa356eac6b0ce899de6ac0/6/3/6333892-02-4_3.jpg
CK UNDERWEAR ,Áo Ngực Nữ Perfect Coverage Fit,1.629.000,https://www.acfc.com.vn/ck-underwear-ao-nguc-nu-perfect-coverage-fit-ck-qf6020ad-7ns.html,https://exacdn.acfc.com.vn/media/catalog/product/cache/e0eb9f74eaaa356eac6b0ce899de6ac0/q/f/qf6020ad-7ns-1_3.jpg
TOMMY JEANS ,Quần Jeans Nữ Mom Jean Uhr Tprd Ce759,3.299.000,https://www.acfc.com.vn/tommy-jeans-quan-jeans-nu-mom-jean-uhr-tprd-ce759-thj-dw0dw11491-1bk.html,https://exacdn.acfc.com.vn/media/catalog/product/cache/e0eb9f74eaaa356eac6b0ce899de6ac0/d/w/dw0dw11491_1bk_main__main__o832zfrawsgdqdws.jpg
COTTON ON ,Áo thun ngắn tay nữ - The One Crew Tee,349.000,https://www.acfc.com.vn/cotton on-ao-thun-ngan-tay-nu-the-one-crew-tee-coc-2009220-01.html,https://exacdn.acfc.com.vn/media/catalog/product/cache/e0eb9f74eaaa356eac6b0ce899de6ac0/8/7/87a1c_2009220-01-5_4.jpg
CK PERFORMANCE ,Quần Thun Thể Thao Nữ 7/8 Length Fit,1.539.300,https://www.acfc.com.vn/ck-performance-quan-thun-the-thao-nu-7-8-length-fit-ck-4wf1l612-1.html,https://exacdn.acfc.com.vn/media/catalog/product/cache/e0eb9f74eaaa356eac6b0ce899de6ac0/4/w/4wf1l612-001-1_1.jpg
FRENCH CONNECTION ,Đầm Nữ Sibley Eco Jacquard Jersey Drs,1.999.000,https://www.acfc.com.vn/french-connection-dam-nu-sibley-eco-jacquard-jersey-drs-fcuk-71sac-20.html,https://exacdn.acfc.com.vn/media/catalog/product/cache/e0eb9f74eaaa356eac6b0ce899de6ac0/7/1/71sac-20-1_lbaqutj9aulascgs.jpg
TOMMY HILFIGER ,Áo Polo Nữ Tay Ngắn,1.899.000,https://www.acfc.com.vn/tommy-sportwear-ao-polo-nu-tay-ngan-tommy-ww0ww27947-l14.html,https://exacdn.acfc.com.vn/media/catalog/product/cache/e0eb9f74eaaa356eac6b0ce899de6ac0/w/w/ww0ww27947_l14_1_cvobqx3tj0hvvcue.jpg
CK UNDERWEAR ,Áo Ngực Nữ Lightly Lined Bralette,1.629.000,https://www.acfc.com.vn/ck-underwear-ao-nguc-nu-lightly-lined-bralette-ck-qf6350ad-7ns.html,https://exacdn.acfc.com.vn/media/catalog/product/cache/e0eb9f74eaaa356eac6b0ce899de6ac0/q/f/qf6350ad-7ns-1_1.jpg
MANGO ,Chân Váy Martina,1.299.000,https://www.acfc.com.vn/mango-chan-vay-martina-mango-27009206-8.html,https://exacdn.acfc.com.vn/media/catalog/product/cache/e0eb9f74eaaa356eac6b0ce899de6ac0/2/7/27009206_08-99999999_01_w9uvtceiffaflg50.jpg
COTTON ON BODY ,Áo Lót Nữ - Seamless Gathered Padded Brale,349.000,https://www.acfc.com.vn/body-ao-lot-nu-seamless-gathered-padded-brale-coc-6334231-01.html,https://exacdn.acfc.com.vn/media/catalog/product/cache/e0eb9f74eaaa356eac6b0ce899de6ac0/6/3/6334231-01-4_nct7vrek2gt0xqf3_1.jpg
BANANA REPUBLIC ,Áo Kiểu Tay Ngắn Nữ,1.650.000,https://www.acfc.com.vn/banana-republic-ao-kieu-tay-ngan-nu-br-759991-03.html,https://exacdn.acfc.com.vn/media/catalog/product/cache/e0eb9f74eaaa356eac6b0ce899de6ac0/c/n/cn28035482_5urmrkrmo18q52ap.jpg
OLD NAVY ,Áo Nữ,1.195.000,https://www.acfc.com.vn/old-navy-ao-nu-oln-720544-02.html,https://exacdn.acfc.com.vn/media/catalog/product/cache/e0eb9f74eaaa356eac6b0ce899de6ac0/c/n/cn27018572_kyi6bgfdl6alwey4.jpg
LEVI'S ,Đầm Jeans Nữ,1.499.000,https://www.acfc.com.vn/levi-s-dam-jeans-nu-levis-21969-0001.html,https://exacdn.acfc.com.vn/media/catalog/product/cache/e0eb9f74eaaa356eac6b0ce899de6ac0/2/1/21969_0001_1.jpg
OVS ,Quần Dài Nữ,549.000,https://www.acfc.com.vn/ovs-quan-dai-nu-ovs-1481337-1481349.html,https://exacdn.acfc.com.vn/media/catalog/product/cache/e0eb9f74eaaa356eac6b0ce899de6ac0/1/2/12007318_ujrytyzhrxvvyoqy.jpg
TOMMY JEANS ,Quần Dài Nữ TJW Harper Branded Chino,2.599.000,https://www.acfc.com.vn/tommy-jeans-quan-dai-nu-tjw-harper-branded-chino-thj-dw0dw13148-ace.html,https://exacdn.acfc.com.vn/media/catalog/product/cache/e0eb9f74eaaa356eac6b0ce899de6ac0/d/w/dw0dw13148ace_f_jsovhld1hbbdpjem.jpg
LEVI'S ,Quần Jeans Nữ Dài 501,2.199.000,https://www.acfc.com.vn/levi-s-quan-jeans-nu-dai-501-levis-36200-0188.html,https://exacdn.acfc.com.vn/media/catalog/product/cache/e0eb9f74eaaa356eac6b0ce899de6ac0/3/6/36200-0188-modelfront_2.jpg
MANGO ,Chân Váy Lola,699.000,https://www.acfc.com.vn/mango-chan-vay-lola-mango-87057136-52.html,https://exacdn.acfc.com.vn/media/catalog/product/cache/e0eb9f74eaaa356eac6b0ce899de6ac0/8/7/87057136_52-99999999_01_3.jpg
CK JEANS ,Áo Thun Nữ Fashion Fit,1.499.000,https://www.acfc.com.vn/ck-jeans-ao-thun-nu-fashion-fit-ck-j218708-beh.html,https://exacdn.acfc.com.vn/media/catalog/product/cache/e0eb9f74eaaa356eac6b0ce899de6ac0/j/2/j218708-beh--1_1.jpg
CK UNDERWEAR ,Quần Bơi Nữ,979.300,https://www.acfc.com.vn/ck-underwear-quan-boi-nu-ck-kw01417-0hb.html,https://exacdn.acfc.com.vn/media/catalog/product/cache/e0eb9f74eaaa356eac6b0ce899de6ac0/k/w/kw01417-0hb-item-2_1.jpg
FRENCH CONNECTION ,Áo Kiểu Nữ Peony-Doria Eco Meadow Strappy Top,1.299.000,https://www.acfc.com.vn/french-connection-ao-kieu-nu-peony-doria-eco-meadow-strappy-top-fcuk-76snd-70.html,https://exacdn.acfc.com.vn/media/catalog/product/cache/e0eb9f74eaaa356eac6b0ce899de6ac0/7/6/76snd-70-1_nveqbr9fx7sqmym1.jpg
LEVI'S ,Áo Kiểu Nữ Tay Ngắn,499.000,https://www.acfc.com.vn/levi-s-ao-kieu-nu-tay-ngan-levis-85436-0004.html,https://exacdn.acfc.com.vn/media/catalog/product/cache/e0eb9f74eaaa356eac6b0ce899de6ac0/8/5/85436-0004-17.jpg
TOMMY JEANS ,Đầm Nữ Tjw Badge Tank Dress,1.999.000,https://www.acfc.com.vn/tommy-jeans-dam-nu-tjw-badge-tank-dress-thj-dw0dw12861-the.html,https://exacdn.acfc.com.vn/media/catalog/product/cache/e0eb9f74eaaa356eac6b0ce899de6ac0/d/w/dw0dw12861_the_main__main__4qkxlvuyrk5i7bzn.jpg
GAP ,Quần Vải Dài Nữ - Skinny Ankle,399.000,https://www.acfc.com.vn/quan-vai-dai-nu-skinny-ankle-gap-469350-13.html,https://exacdn.acfc.com.vn/media/catalog/product/cache/e0eb9f74eaaa356eac6b0ce899de6ac0/0/b/0b431208-43e5-4fb2-b94f-1766c2e4df00-469350-13-0_1.jpg
OLD NAVY ,Quần Nữ,795.000,https://www.acfc.com.vn/old-navy-quan-nu-oln-670180-00.html,https://exacdn.acfc.com.vn/media/catalog/product/cache/e0eb9f74eaaa356eac6b0ce899de6ac0/c/n/cn20180481_jk0b5duo1n3wskfo_1.jpg
OVS ,Chân Váy Nữ,949.000,https://www.acfc.com.vn/ovs-vay-nu-ovs-1295452-1295452.html,https://exacdn.acfc.com.vn/media/catalog/product/cache/e0eb9f74eaaa356eac6b0ce899de6ac0/1/1/11788100_qw535wj7oowpzdbr.jpg
CK JEANS ,Áo Thun Nữ Fashion Fit,1.729.000,https://www.acfc.com.vn/ck-jeans-ao-thun-nu-fashion-fit-ck-j218904-yaf.html,https://exacdn.acfc.com.vn/media/catalog/product/cache/e0eb9f74eaaa356eac6b0ce899de6ac0/j/2/j218904-yaf-1_1.jpg
FRENCH CONNECTION ,Áo Kiểu Nữ Crepe Light Ls Wrap Over Top,1.699.000,https://www.acfc.com.vn/french-connection-ao-so-mi-nu-crepe-light-ls-wrap-over-top-fcuk-72rbe-20.html,https://exacdn.acfc.com.vn/media/catalog/product/cache/e0eb9f74eaaa356eac6b0ce899de6ac0/7/2/72rbe-20-2_1.jpg
OVS ,Quần Dài Nữ,949.000,https://www.acfc.com.vn/ovs-quan-dai-nu-ovs-1432272-1432272.html,https://exacdn.acfc.com.vn/media/catalog/product/cache/e0eb9f74eaaa356eac6b0ce899de6ac0/1/1/11991612_3.jpg
BANANA REPUBLIC ,Áo Tay Ngắn Nữ,1.950.000,https://www.acfc.com.vn/banana-republic-ao-tay-ngan-nu-br-445871-02.html,https://exacdn.acfc.com.vn/media/catalog/product/cache/e0eb9f74eaaa356eac6b0ce899de6ac0/4/4/445871-02-1_2.jpg
PARFOIS ,Áo Len Mars,1.190.000,https://www.acfc.com.vn/parfois-ao-len-mars-parfoi-195935-pk.html,https://exacdn.acfc.com.vn/media/catalog/product/cache/e0eb9f74eaaa356eac6b0ce899de6ac0/1/9/195935_pk_1y_h0xm7bo0xgev33yd.jpg
OLD NAVY ,Áo Thun Nữ,395.000,https://www.acfc.com.vn/old-navy-ao-thun-nu-oln-507516-36.html,https://exacdn.acfc.com.vn/media/catalog/product/cache/e0eb9f74eaaa356eac6b0ce899de6ac0/c/n/cn27048194_5hnube8ptu5uyazv.jpg
TOMMY JEANS ,Quần Jeans Balloon Nữ Callie,2.799.000,https://www.acfc.com.vn/tommy-jeans-quan-jeans-balloon-nu-callie-thj-dw0dw11587-1bk.html,https://exacdn.acfc.com.vn/media/catalog/product/cache/e0eb9f74eaaa356eac6b0ce899de6ac0/d/w/dw0dw11587_1bk_main__main__rl3z0zpc38qvw1kb.jpg
BANANA REPUBLIC ,Đầm Nữ,2.550.000,https://www.acfc.com.vn/banana-republic-dam-nu-br-701026-00.html,https://exacdn.acfc.com.vn/media/catalog/product/cache/e0eb9f74eaaa356eac6b0ce899de6ac0/c/n/cn20291101_4.jpg
PARFOIS ,Áo Khoác Zatoka,1.790.000,https://www.acfc.com.vn/parfois-ao-khoac-zatoka-parfoi-196840-ec.html,https://exacdn.acfc.com.vn/media/catalog/product/cache/e0eb9f74eaaa356eac6b0ce899de6ac0/1/9/196840_ec_2y.jpg
CK JEANS ,Áo Thun Nữ Modern Slim Fit,1.729.000,https://www.acfc.com.vn/ck-jeans-ao-thun-nu-modern-slim-fit-ck-j218907-yaf.html,https://exacdn.acfc.com.vn/media/catalog/product/cache/e0eb9f74eaaa356eac6b0ce899de6ac0/j/2/j218907-yaf-1_1.jpg
BANANA REPUBLIC ,Áo Thun Tay Ngắn Nữ,550.000,https://www.acfc.com.vn/banana-republic-ao-thun-tay-ngan-nu-br-678276-00.html,https://exacdn.acfc.com.vn/media/catalog/product/cache/e0eb9f74eaaa356eac6b0ce899de6ac0/c/n/cn20010086_3.jpg
TOMMY JEANS ,Áo Thun Nữ Tay Ngắn TJW Super Crop NY Finest Food,1.299.000,https://www.acfc.com.vn/tommy-jeans-ao-thun-nu-tay-ngan-tjw-super-crop-ny-finest-food-tj-dw0dw13701-c1q.html,https://exacdn.acfc.com.vn/media/catalog/product/cache/e0eb9f74eaaa356eac6b0ce899de6ac0/d/w/dw0dw13701_c1q_main__main__c8hx82tve0xhuihe.jpg
MANGO ,Quần Bó Milan,799.000,https://www.acfc.com.vn/mango-quan-bo-milan-mango-17077723-99.html,https://exacdn.acfc.com.vn/media/catalog/product/cache/e0eb9f74eaaa356eac6b0ce899de6ac0/1/7/17077723_99-99999999_01_di6givrmkqesh6ew.jpg
TOMMY HILFIGER ,Đầm Nữ Org Co F&F Open Polo-Nk Dress Ls,4.799.000,https://www.acfc.com.vn/tommy-hilfiger-dam-nu-org-co-f-f-open-polo-nk-dress-ls-tommy-ww0ww32685-xm1.html,https://exacdn.acfc.com.vn/media/catalog/product/cache/e0eb9f74eaaa356eac6b0ce899de6ac0/w/w/ww0ww32685_xm1_main__main__y1mspdwtcsziqkjq.jpg
LEVI'S ,Quần Jeans Nữ Dài 311 Shaping Skinny,1.999.000,https://www.acfc.com.vn/levi-s-quan-jeans-nu-dai-311-shaping-skinny-levis-19626-0286.html,https://exacdn.acfc.com.vn/media/catalog/product/cache/e0eb9f74eaaa356eac6b0ce899de6ac0/1/9/19626-0286-0_1.jpg
CK UNDERWEAR ,Áo Ngực Nữ Plunge Fit,1.499.000,https://www.acfc.com.vn/ck-underwear-ao-nguc-nu-plunge-fit-ck-qf6773ad-ub1.html,https://exacdn.acfc.com.vn/media/catalog/product/cache/e0eb9f74eaaa356eac6b0ce899de6ac0/q/f/qf6773ad-ub1-item-2_sldq4ieg1mnjvwoh.jpg
OLD NAVY ,Quần Nữ,795.000,https://www.acfc.com.vn/old-navy-quan-nu-oln-670139-00.html,https://exacdn.acfc.com.vn/media/catalog/product/cache/e0eb9f74eaaa356eac6b0ce899de6ac0/c/n/cn19892157_5_1.jpg
CK PERFORMANCE ,Quần Thun Thể Thao Nữ Crop Fit,1.539.300,https://www.acfc.com.vn/ck-performance-quan-thun-the-thao-nu-crop-fit-ck-4wt1l784-612.html,https://exacdn.acfc.com.vn/media/catalog/product/cache/e0eb9f74eaaa356eac6b0ce899de6ac0/4/w/4wt1l784-612-1_1.jpg
CK UNDERWEAR ,Quần Lót Nữ Bikini Fit,729.000,https://www.acfc.com.vn/ck-underwear-quan-lot-nu-bikini-fit-ck-qf5735ad-1ba.html,https://exacdn.acfc.com.vn/media/catalog/product/cache/e0eb9f74eaaa356eac6b0ce899de6ac0/q/f/qf5735ad-1ba-item-2_ixasxmfir5iw2e6o.jpg
COTTON ON BODY ,Áo Thun Cộc Tay Nữ - Active Rib Tank Top,349.000,https://www.acfc.com.vn/body-ao-thun-coc-tay-nu-active-rib-tank-top-coc-6334722-06.html,https://exacdn.acfc.com.vn/media/catalog/product/cache/e0eb9f74eaaa356eac6b0ce899de6ac0/6/3/6334722-06-2_c8sohewor9ubemgb.jpg
MANGO ,Chân Váy Mia,1.299.000,https://www.acfc.com.vn/mango-chan-vay-mia-mango-37095905-99.html,https://exacdn.acfc.com.vn/media/catalog/product/cache/e0eb9f74eaaa356eac6b0ce899de6ac0/3/7/37095905_99-99999999_01_affk7kd89mc2geai.jpg
MANGO ,Đầm Ten,899.000,https://www.acfc.com.vn/mango-dam-ten-mango-27010133-tm.html,https://exacdn.acfc.com.vn/media/catalog/product/cache/e0eb9f74eaaa356eac6b0ce899de6ac0/2/7/27010133_tm-99999999_01_4.jpg
LEVI'S ,Áo Thun Nữ Tay Ngắn,599.000,https://www.acfc.com.vn/levi-s-ao-thun-nu-tay-ngan-levis-69973-0214.html,https://exacdn.acfc.com.vn/media/catalog/product/cache/e0eb9f74eaaa356eac6b0ce899de6ac0/6/9/69973-0214-cropfront1_2.jpg
GAP ,Quần Short Thun Nữ,399.000,https://www.acfc.com.vn/quan-short-thun-nu-gap-765070-04.html,https://exacdn.acfc.com.vn/media/catalog/product/cache/e0eb9f74eaaa356eac6b0ce899de6ac0/c/n/cn20007129_xwddh7otwkcfaidd.jpg
COTTON ON ,Đầm Mini Nữ - Woven Petite Lily Mini Dress,395.000,https://www.acfc.com.vn/cotton-on-dam-mini-nu-woven-petite-lily-mini-dress-coc-2052622-04.html,https://exacdn.acfc.com.vn/media/catalog/product/cache/e0eb9f74eaaa356eac6b0ce899de6ac0/2/0/2052622-04-2_bjj1u6fbfgh9gtih.jpg
COTTON ON BODY ,Quần Lót Nữ-The Invisible Bikini Brief,179.000,https://www.acfc.com.vn/cotton-on-quan-lot-nu-the-invisible-bikini-brief-coc-6331820-72.html,https://exacdn.acfc.com.vn/media/catalog/product/cache/e0eb9f74eaaa356eac6b0ce899de6ac0/6/3/6331820-72-2_xvpcbozqy0vzcqby_3.jpg
PARFOIS ,Áo Cardigan Lateral,2.190.000,https://www.acfc.com.vn/parfois-ao-cardigan-lateral-parfoi-194357-gyu-gy.html,https://exacdn.acfc.com.vn/media/catalog/product/cache/e0eb9f74eaaa356eac6b0ce899de6ac0/1/9/194357_gy_1y_btc5dngh0elc1jkp.jpg
COTTONON ,Quần Jeans Dài Nữ - Stretch Mom Jean,899.000,https://www.acfc.com.vn/cotton-on-quan-jeans-dai-nu-stretch-mom-jean-coc-2003128-86.html,https://exacdn.acfc.com.vn/media/catalog/product/cache/e0eb9f74eaaa356eac6b0ce899de6ac0/2/0/2003128-86-2_bw5hprsrwo5jn5em.jpg
GAP ,Quần Jeans Dài Nữ - High Rise Skinny,599.000,https://www.acfc.com.vn/quan-jeans-dai-nu-high-rise-skinny-gap-599922-00.html,https://exacdn.acfc.com.vn/media/catalog/product/cache/e0eb9f74eaaa356eac6b0ce899de6ac0/2/1/213902218_599922_00_pk_1_2.jpg
OLD NAVY ,Áo Thun Nữ,395.000,https://www.acfc.com.vn/old-navy-ao-thun-nu-oln-699267-05.html,https://exacdn.acfc.com.vn/media/catalog/product/cache/e0eb9f74eaaa356eac6b0ce899de6ac0/c/n/cn20487890_pzjyfyw0wzxltw88.jpg
COTTON ON ,Áo Thun Cộc Tay Nữ - Twiggy Placket Polo Halter,579.000,https://www.acfc.com.vn/cotton-on-ao-thun-coc-tay-nu-twiggy-placket-polo-halter-coc-2054811-02.html,https://exacdn.acfc.com.vn/media/catalog/product/cache/e0eb9f74eaaa356eac6b0ce899de6ac0/2/0/2054811-02-2_ie6is234ymqg9ekq.jpg
FRENCH CONNECTION ,Đầm Nữ Lavanna Poplin Square Nck Drss,2.299.000,https://www.acfc.com.vn/french-connection-dam-nu-lavanna-poplin-square-nck-drss-fcuk-71sfe-11.html,https://exacdn.acfc.com.vn/media/catalog/product/cache/e0eb9f74eaaa356eac6b0ce899de6ac0/7/1/71sfe-11-1_fy0efngwxlk6nv8k.jpg
TOMMY HILFIGER ,Áo Sơ Mi Nữ Tay Dài Vis Crepe Monica Blouse LS,3.699.000,https://www.acfc.com.vn/tommy-hilfiger-ao-so-mi-nu-tay-dai-vis-crepe-monica-blouse-ls-tommy-ww0ww34455-ybl.html,https://exacdn.acfc.com.vn/media/catalog/product/cache/e0eb9f74eaaa356eac6b0ce899de6ac0/w/w/ww0ww34455_ybl_main__main__2at60kpfufequs8y.jpg
CK PERFORMANCE ,Quần Short Thể Thao Nữ High Rise Fit,1.649.000,https://www.acfc.com.vn/ck-performance-quan-short-the-thao-nu-high-rise-fit-ck-4ws2s807-001.html,https://exacdn.acfc.com.vn/media/catalog/product/cache/e0eb9f74eaaa356eac6b0ce899de6ac0/4/w/4ws2s807-001-1_1.jpg
GAP ,Áo Sơ Mi Tay Ngắn Nữ,499.000,https://www.acfc.com.vn/ao-so-mi-tay-ngan-nu-gap-539270-00.html,https://exacdn.acfc.com.vn/media/catalog/product/cache/e0eb9f74eaaa356eac6b0ce899de6ac0/9/b/9b9fe_cn18328241_3_1.jpg
BANANA REPUBLIC ,Quần Short Nữ,950.000,https://www.acfc.com.vn/banana-republic-quan-short-nu-br-700432-00.html,https://exacdn.acfc.com.vn/media/catalog/product/cache/e0eb9f74eaaa356eac6b0ce899de6ac0/c/n/cn20662823_result_1.jpg
TOMMY JEANS ,Áo Thun Nữ Tay Ngắn TJw Baby Essential Logo 2 Ss,899.000,https://www.acfc.com.vn/tommy-jeans-ao-thun-nu-tay-ngan-tjw-baby-essential-logo-2-ss-tj-dw0dw13623-c1q.html,https://exacdn.acfc.com.vn/media/catalog/product/cache/e0eb9f74eaaa356eac6b0ce899de6ac0/d/w/dw0dw13623_c1q_main__main__qlqmb8cdzjx8kwrv.jpg
CK PERFORMANCE ,Áo Thun Thể Thao Nữ Regular Fit,979.300,https://www.acfc.com.vn/ck-performance-ao-thun-the-thao-nu-regular-fit-ck-4wf1k106-541.html,https://exacdn.acfc.com.vn/media/catalog/product/cache/e0eb9f74eaaa356eac6b0ce899de6ac0/1/6/16316980783902781_1.jpg
FRENCH CONNECTION ,Quần Dài Nữ Arlo Drape Tapered Trousers,2.099.000,https://www.acfc.com.vn/french-connection-quan-dai-nu-arlo-drape-tapered-trousers-fcuk-74say-22.html,https://exacdn.acfc.com.vn/media/catalog/product/cache/e0eb9f74eaaa356eac6b0ce899de6ac0/7/4/74say-22-1_5zbkeic6v2uriy72.jpg
CK PERFORMANCE ,Áo Thun Thể Thao Nữ Fitted Fit,1.499.000,https://www.acfc.com.vn/ck-performance-ao-thun-the-thao-nu-fitted-fit-ck-4ws2k171-001.html,https://exacdn.acfc.com.vn/media/catalog/product/cache/e0eb9f74eaaa356eac6b0ce899de6ac0/4/w/4ws2k171-001-1_1.jpg
CK JEANS ,Áo Thun Nữ Modern Straight Fit,2.029.000,https://www.acfc.com.vn/ck-jeans-ao-thun-nu-modern-straight-fit-ck-j218769-yaf.html,https://exacdn.acfc.com.vn/media/catalog/product/cache/e0eb9f74eaaa356eac6b0ce899de6ac0/j/2/j218769-yaf-1_1.jpg
MANGO ,Áo Vest Cofi,1.699.000,https://www.acfc.com.vn/mango-ao-vest-cofi-mango-37052881-69.html,https://exacdn.acfc.com.vn/media/catalog/product/cache/e0eb9f74eaaa356eac6b0ce899de6ac0/3/7/37052881_69-99999999_01_vlr26fedtcg3bsjt.jpg
FRENCH CONNECTION ,Quần Jean Nữ Piper Organic Dnm Wide Lg Jean,2.099.000,https://www.acfc.com.vn/french-connection-quan-dai-nu-piper-organic-dnm-wide-lg-jean-fcuk-74rad-01.html,https://exacdn.acfc.com.vn/media/catalog/product/cache/e0eb9f74eaaa356eac6b0ce899de6ac0/7/4/74rad-01-3_2.jpg
LEVI'S ,Quần Jeans Nữ Dài 721,899.000,https://www.acfc.com.vn/levi-s-quan-jeans-nu-dai-721-levis-22850-0101.html,https://exacdn.acfc.com.vn/media/catalog/product/cache/e0eb9f74eaaa356eac6b0ce899de6ac0/2/2/228500101_1_1__1.jpg
TOMMY JEANS ,Đầm Nữ TJW Timeless Circle Tee Dress,2.599.000,https://www.acfc.com.vn/tommy-jeans-dam-nu-tjw-timeless-circle-tee-dress-tj-dw0dw13598-ybl.html,https://exacdn.acfc.com.vn/media/catalog/product/cache/e0eb9f74eaaa356eac6b0ce899de6ac0/d/w/dw0dw13598ybl_f_bxan8vyuat4i2ikc.jpg
CK JEANS ,Áo Thun Nữ,1.210.300,https://www.acfc.com.vn/ck-jeans-ao-thun-nu-ck-j217587-yaf.html,https://exacdn.acfc.com.vn/media/catalog/product/cache/e0eb9f74eaaa356eac6b0ce899de6ac0/j/2/j217587-yaf-1_l7pr8hfeakuyyte7.jpg
GAP ,Áo Thun Tay Ngắn Nữ - Logo,499.000,https://www.acfc.com.vn/ao-thun-tay-ngan-nu-logo-gap-268820-40.html,https://exacdn.acfc.com.vn/media/catalog/product/cache/e0eb9f74eaaa356eac6b0ce899de6ac0/c/n/cn28959844_mgboaxxyenjqbvug.jpg
COTTON ON BODY ,Áo Thun Mặc Nhà Nữ-90S T-Shirt Nightie,579.000,https://www.acfc.com.vn/body-ao-thun-mac-nha-nu-90s-t-shirt-nightie-coc-6332798-84.html,https://exacdn.acfc.com.vn/media/catalog/product/cache/e0eb9f74eaaa356eac6b0ce899de6ac0/6/3/6332798-84-2_rcxp1b5zbmcgby5f.jpg
LEVI'S ,Váy Jeans Nữ,799.000,https://www.acfc.com.vn/levi-s-vay-jeans-nu-levis-39442-0017.html,https://exacdn.acfc.com.vn/media/catalog/product/cache/e0eb9f74eaaa356eac6b0ce899de6ac0/3/9/39442-0017-1_1.jpg
COTTON ON ,Áo Thun Ngắn Tay Nữ - The 91 Tee,349.000,https://www.acfc.com.vn/cotton-on-ao-thun-ngan-tay-nu-the-91-tee-coc-2054848-02.html,https://exacdn.acfc.com.vn/media/catalog/product/cache/e0eb9f74eaaa356eac6b0ce899de6ac0/2/0/2054848-02-2_1oichxndda8cutt1.jpg
COTTON ON ,Áo Thun Ngắn Tay Nữ - Annabelle Short Sleeve Top,95.000,https://www.acfc.com.vn/cotton-on-ao-thun-ngan-tay-nu-annabelle-short-sleeve-top-coc-2051959-01.html,https://exacdn.acfc.com.vn/media/catalog/product/cache/e0eb9f74eaaa356eac6b0ce899de6ac0/2/0/2051959-01-3_uyzzw6xpidn4xzff_1.jpg
CK PERFORMANCE ,Áo Thun Thể Thao Nữ Fitted Fit,1.499.000,https://www.acfc.com.vn/ck-performance-ao-thun-the-thao-nu-fitted-fit-ck-4ws2k168-001.html,https://exacdn.acfc.com.vn/media/catalog/product/cache/e0eb9f74eaaa356eac6b0ce899de6ac0/4/w/4ws2k168-001-1_1.jpg
GAP ,Áo Thun Tay Ngắn Nữ,550.000,https://www.acfc.com.vn/ao-thun-tay-ngan-nu-gap-880767-00.html,https://exacdn.acfc.com.vn/media/catalog/product/cache/e0eb9f74eaaa356eac6b0ce899de6ac0/c/n/cn20289380_kvqqog7wa0nvls8v.jpg
COTTON ON ,Áo Không Tay Nữ - One Shoulder Sleeveless Top,95.000,https://www.acfc.com.vn/cotton-on-ao-khong-tay-nu-one-shoulder-sleeveless-top-coc-2008680-15.html,https://exacdn.acfc.com.vn/media/catalog/product/cache/e0eb9f74eaaa356eac6b0ce899de6ac0/2/0/2008680-15-2_ur1fiye4arhho0ke_2_5.jpg
CK JEANS ,Áo Len Nữ,3.299.000,https://www.acfc.com.vn/ck-jeans-ao-len-nu-ck-j218653-acf.html,https://exacdn.acfc.com.vn/media/catalog/product/cache/e0eb9f74eaaa356eac6b0ce899de6ac0/j/2/j218653-acf-1_1.jpg
TOMMY HILFIGER ,Áo Tắm Nữ,1.299.000,https://www.acfc.com.vn/tommy-sportwear-ao-tam-nu-tommy-uw0uw02921-xlg.html,https://exacdn.acfc.com.vn/media/catalog/product/cache/e0eb9f74eaaa356eac6b0ce899de6ac0/u/w/uw0uw02921_xlg_alternate2_cteoofpdom9esz7n_1.jpg
COTTON ON BODY ,Quần Tắm Nữ - Gathered Bum Full Bikini Bottom,95.000,https://www.acfc.com.vn/body-quan-tam-nu-gathered-bum-full-bikini-bottom-coc-6332527-05.html,https://exacdn.acfc.com.vn/media/catalog/product/cache/e0eb9f74eaaa356eac6b0ce899de6ac0/6/3/6332527-05-4_1_2.jpg
PARFOIS ,Đầm Nữ Papaya,1.390.000,https://www.acfc.com.vn/parfois-dam-nu-papaya-parfoi-198968-kk.html,https://exacdn.acfc.com.vn/media/catalog/product/cache/e0eb9f74eaaa356eac6b0ce899de6ac0/1/9/198968_kk_1y_ovqjhlgajtkxzsza.jpg
TOMMY HILFIGER ,Áo Kiểu Nữ Tay Dài Viscose Scarf Wrap Blouse Ls,3.999.000,https://www.acfc.com.vn/tommy-hilfiger-ao-kieu-nu-tay-dai-viscose-scarf-wrap-blouse-ls-tommy-ww0ww34638-0ku.html,https://exacdn.acfc.com.vn/media/catalog/product/cache/e0eb9f74eaaa356eac6b0ce899de6ac0/w/w/ww0ww34638_0ku_main__main__cwwr00rj7psyvwez.jpg
BANANA REPUBLIC ,Áo Kiểu Nữ,1.150.000,https://www.acfc.com.vn/banana-republic-ao-kieu-nu-br-700578-00.html,https://exacdn.acfc.com.vn/media/catalog/product/cache/e0eb9f74eaaa356eac6b0ce899de6ac0/c/n/cn20556566_gq2jdj3yjqpxmxzt.jpg
FRENCH CONNECTION ,Đầm Nữ Ferna Meadow Jersey Vneck Dres,1.599.000,https://www.acfc.com.vn/french-connection-dam-nu-ferna-meadow-jersey-vneck-dres-fcuk-71tgl-01.html,https://exacdn.acfc.com.vn/media/catalog/product/cache/e0eb9f74eaaa356eac6b0ce899de6ac0/7/1/71tgl-01-1_bq06hrarfihwkmtt.jpg
OVS ,Áo Khoác Nữ,1.999.000,https://www.acfc.com.vn/ovs-ao-khoac-nu-ovs-1323398-1323398.html,https://exacdn.acfc.com.vn/media/catalog/product/cache/e0eb9f74eaaa356eac6b0ce899de6ac0/1/1/11795129_ka56mrik9dtos0qs.jpg
OLD NAVY ,Đầm Nữ,1.195.000,https://www.acfc.com.vn/old-navy-dam-nu-oln-690558-00.html,https://exacdn.acfc.com.vn/media/catalog/product/cache/e0eb9f74eaaa356eac6b0ce899de6ac0/6/9/690558-00-1_2__1.jpg
CK UNDERWEAR ,Áo Ngực Nữ Bralette Fit,1.299.000,https://www.acfc.com.vn/ck-underwear-ao-nguc-nu-bralette-fit-ck-qf6766ad-120.html,https://exacdn.acfc.com.vn/media/catalog/product/cache/e0eb9f74eaaa356eac6b0ce899de6ac0/q/f/qf6766ad-120-1_1.jpg
CK UNDERWEAR ,Áo Ngực Nữ Plunge Fit,2.599.000,https://www.acfc.com.vn/ck-underwear-ao-nguc-nu-plunge-fit-ck-qf6804ad-101.html,https://exacdn.acfc.com.vn/media/catalog/product/cache/e0eb9f74eaaa356eac6b0ce899de6ac0/q/f/qf6804ad-101-1_1.jpg
MANGO ,Áo Len Steps,599.000,https://www.acfc.com.vn/mango-ao-len-steps-mango-17015764-52.html,https://exacdn.acfc.com.vn/media/catalog/product/cache/e0eb9f74eaaa356eac6b0ce899de6ac0/1/7/17015764_52-99999999_01_buhkyggdlnxhc1h9.jpg
OVS ,Áo Kiểu Nữ,499.000,https://www.acfc.com.vn/ovs-ao-kieu-nu-ovs-867732-867732.html,https://exacdn.acfc.com.vn/media/catalog/product/cache/e0eb9f74eaaa356eac6b0ce899de6ac0/1/1/11350680_f9d0cwi5furmq8l9.jpg
COTTON ON BODY ,Quần Thun Dài Nữ - Jacquard Knit Petite Lounge Pant,799.000,https://www.acfc.com.vn/body-quan-thun-dai-nu-jacquard-knit-petite-lounge-pant-coc-6334536-03.html,https://exacdn.acfc.com.vn/media/catalog/product/cache/e0eb9f74eaaa356eac6b0ce899de6ac0/6/3/6334536-03-2_l2reacwandjjtzh4.jpg
OLD NAVY ,Quần Nữ,249.000,https://www.acfc.com.vn/old-navy-quan-nu-oln-413117-02.html,https://exacdn.acfc.com.vn/media/catalog/product/cache/e0eb9f74eaaa356eac6b0ce899de6ac0/c/n/cn16929472_ay5etsf39panepbo.jpg
PARFOIS ,Áo Len Apparel  Provision,699.000,https://www.acfc.com.vn/parfois-ao-len-apparel-provision-parfoi-194448-gym-l-gy.html,https://exacdn.acfc.com.vn/media/catalog/product/cache/e0eb9f74eaaa356eac6b0ce899de6ac0/1/9/194448_gy_1y_ew1nchviu0gereoc.jpg
OVS ,Áo Thun Nữ,299.000,https://www.acfc.com.vn/ovs-ao-thun-nu-ovs-1282275-1282275.html,https://exacdn.acfc.com.vn/media/catalog/product/cache/e0eb9f74eaaa356eac6b0ce899de6ac0/1/1/11781255_z1knwro5qru20bu3.jpg
OLD NAVY ,Áo Thun Nữ,395.000,https://www.acfc.com.vn/old-navy-ao-thun-nu-oln-763538-14.html,https://exacdn.acfc.com.vn/media/catalog/product/cache/e0eb9f74eaaa356eac6b0ce899de6ac0/7/6/763538-14-1_3__1.jpg
FRENCH CONNECTION ,Quần Dài Nữ Veena Jersey Trouser,1.299.000,https://www.acfc.com.vn/french-connection-quan-dai-nu-veena-jersey-trouser-fcuk-74tag-20.html,https://exacdn.acfc.com.vn/media/catalog/product/cache/e0eb9f74eaaa356eac6b0ce899de6ac0/7/4/74tag-20-1_1.jpg
GAP ,Quần Short Jeans Nữ - 4 Inch,1.150.000,https://www.acfc.com.vn/quan-short-jeans-nu-4-inch-gap-660403-00.html,https://exacdn.acfc.com.vn/media/catalog/product/cache/e0eb9f74eaaa356eac6b0ce899de6ac0/p/i/pic_003_4.jpg
OLD NAVY ,Áo Thun Nữ,395.000,https://www.acfc.com.vn/old-navy-ao-thun-nu-oln-622174-18.html,https://exacdn.acfc.com.vn/media/catalog/product/cache/e0eb9f74eaaa356eac6b0ce899de6ac0/c/n/cn20752548_naxowa42c4yvqcfu.jpg
TOMMY HILFIGER ,Áo Sơ Mi Nữ Tay Ngắn Crafted Cotton Henley Half Slv,3.399.000,https://www.acfc.com.vn/tommy-hilfiger-ao-so-mi-nu-tay-ngan-crafted-cotton-henley-half-slv-tommy-ww0ww35143-c1o.html,https://exacdn.acfc.com.vn/media/catalog/product/cache/e0eb9f74eaaa356eac6b0ce899de6ac0/w/w/ww0ww35143_c1o_main__main__6pjoy1ngvzuzaiuk.jpg
BANANA REPUBLIC ,Áo Thun Tay Ngắn Nữ,550.000,https://www.acfc.com.vn/banana-republic-ao-thun-tay-ngan-nu-br-750146-00.html,https://exacdn.acfc.com.vn/media/catalog/product/cache/e0eb9f74eaaa356eac6b0ce899de6ac0/7/5/750146-00-1_4.jpg
CK JEANS ,Đầm Nữ,2.099.300,https://www.acfc.com.vn/ck-jeans-dam-nu-ck-j218698-0gy.html,https://exacdn.acfc.com.vn/media/catalog/product/cache/e0eb9f74eaaa356eac6b0ce899de6ac0/j/2/j218698-0gy-1_88lf88yghf1vojns.jpg
PARFOIS ,Đầm Zatoka,1.390.000,https://www.acfc.com.vn/parfois-dam-zatoka-parfois-197733-or.html,https://exacdn.acfc.com.vn/media/catalog/product/cache/e0eb9f74eaaa356eac6b0ce899de6ac0/1/9/197733_or_1y_7fiqxmq5woscuizx.jpg
BANANA REPUBLIC ,Đầm Nữ,3.550.000,https://www.acfc.com.vn/banana-republic-dam-nu-br-787165-00.html,https://exacdn.acfc.com.vn/media/catalog/product/cache/e0eb9f74eaaa356eac6b0ce899de6ac0/c/n/cn27398350_4klsrgche3gojbdr.jpg
COTTON ON BODY ,Áo Thun Cộc Tay Nữ-Smoothing Vestlette,479.000,https://www.acfc.com.vn/cotton-on-ao-thun-coc-tay-nu-smoothing-vestlette-coc-6334132-05.html,https://exacdn.acfc.com.vn/media/catalog/product/cache/e0eb9f74eaaa356eac6b0ce899de6ac0/6/3/6334132-05-2_jpme5nlp9s4jmqpp.jpg
CK PERFORMANCE ,Áo Khoác Thể Thao Nữ Light Weight Jk Fit,3.009.300,https://www.acfc.com.vn/ck-performance-ao-khoac-the-thao-nu-light-weight-jk-fit-ck-4wf1o508-110.html,https://exacdn.acfc.com.vn/media/catalog/product/cache/e0eb9f74eaaa356eac6b0ce899de6ac0/4/w/4wf1o508-110-item-2_l7vccyzaf1hirzf3.jpg
OVS ,Quần Dài Nữ,699.000,https://www.acfc.com.vn/ovs-quan-dai-nu-ovs-1159860-1159860.html,https://exacdn.acfc.com.vn/media/catalog/product/cache/e0eb9f74eaaa356eac6b0ce899de6ac0/1/1/11606566_t8ndgyxdtmhotafd.jpg
COTTON ON ,Đầm Mini Nữ-Petite Set Up Short Sleeve Min,395.000,https://www.acfc.com.vn/cotton-on-dam-mini-nu-petite-set-up-short-sleeve-min-coc-2052844-06.html,https://exacdn.acfc.com.vn/media/catalog/product/cache/e0eb9f74eaaa356eac6b0ce899de6ac0/2/0/2052844-06-1_5.jpg
PARFOIS ,Quần Nữ Sequoia,1.390.000,https://www.acfc.com.vn/parfois-quan-nu-sequoia-parfoi-192612-lbs-lb.html,https://exacdn.acfc.com.vn/media/catalog/product/cache/e0eb9f74eaaa356eac6b0ce899de6ac0/1/9/192612_lb_1yf_c3076omfbgt07uii.jpg
TOMMY JEANS ,Áo Polo Nữ Tay Dài TJW BXY Crop Badge Stripes Pol,1.899.000,https://www.acfc.com.vn/tommy-jeans-ao-polo-nu-tay-dai-tjw-bxy-crop-badge-stripes-pol-tj-dw0dw13427-xnl.html,https://exacdn.acfc.com.vn/media/catalog/product/cache/e0eb9f74eaaa356eac6b0ce899de6ac0/d/w/dw0dw13427_xnl_main__main__8yzszxdewh1cuqwh.jpg
TOMMY JEANS ,Áo Thun Nữ Tay Ngắn TJW Linear Logo Tee,1.199.000,https://www.acfc.com.vn/tommy-jeans-ao-thun-nu-tay-ngan-tjw-linear-logo-tee-tj-dw0dw10057-bds.html,https://exacdn.acfc.com.vn/media/catalog/product/cache/e0eb9f74eaaa356eac6b0ce899de6ac0/d/w/dw0dw10057_bds_main__main__qcsn6ai9blrfxcwc.jpg
CK UNDERWEAR ,Quần Ngủ Nữ Knit Short Fit,1.249.000,https://www.acfc.com.vn/ck-underwear-quan-ngu-nu-knit-short-fit-ck-qs6799-p7a.html,https://exacdn.acfc.com.vn/media/catalog/product/cache/e0eb9f74eaaa356eac6b0ce899de6ac0/q/s/qs6799-p7a-1_1.jpg
COTTON ON ,Đầm Midi Nữ-Petite Rose V Neck Midi Dress,395.000,https://www.acfc.com.vn/cotton-on-dam-midi-nu-petite-rose-v-neck-midi-dress-coc-2054356-04.html,https://exacdn.acfc.com.vn/media/catalog/product/cache/e0eb9f74eaaa356eac6b0ce899de6ac0/2/0/2054356-04-4_yehele8l9rndkiyq_2.jpg
TOMMY HILFIGER ,Đồ Bơi Nữ,2.799.000,https://www.acfc.com.vn/tommy-sportwear-do-boi-nu-tommy-uw0uw02700-xlg.html,https://exacdn.acfc.com.vn/media/catalog/product/cache/e0eb9f74eaaa356eac6b0ce899de6ac0/u/w/uw0uw02700_xlg_main_kxhau6rfnv7tiiup.jpg
CK UNDERWEAR ,Áo Ngực Nữ Demi Fit,699.500,https://www.acfc.com.vn/ck-underwear-ao-nguc-nu-demi-fit-ck-qf6851ad-1t1.html,https://exacdn.acfc.com.vn/media/catalog/product/cache/e0eb9f74eaaa356eac6b0ce899de6ac0/q/f/qf6851ad-1t1-1_3.jpg
GAP ,Đầm Thun Nữ,599.000,https://www.acfc.com.vn/dam-thun-nu-gap-724720-05.html,https://exacdn.acfc.com.vn/media/catalog/product/cache/e0eb9f74eaaa356eac6b0ce899de6ac0/c/n/cn27211521_did0ksuytjmstorf.jpg
FRENCH CONNECTION ,Áo Thun Nữ San Frandisco S/s Tee,399.000,https://www.acfc.com.vn/french-connection-ao-thun-nu-san-frandisco-s-s-tee-fcuk-76pbe-60.html,https://exacdn.acfc.com.vn/media/catalog/product/cache/e0eb9f74eaaa356eac6b0ce899de6ac0/7/6/76pbe-60-1_2.jpg
LEVI'S ,Áo Liền Quần Nữ Ngắn,999.000,https://www.acfc.com.vn/levi-s-ao-lien-quan-nu-ngan-levis-34899-0002.html,https://exacdn.acfc.com.vn/media/catalog/product/cache/e0eb9f74eaaa356eac6b0ce899de6ac0/3/4/34899-0002-modelfront_1.jpg
MANGO ,Quần Jeans Havana,899.000,https://www.acfc.com.vn/mango-quan-jeans-havana-mango-87004759-tc.html,https://exacdn.acfc.com.vn/media/catalog/product/cache/e0eb9f74eaaa356eac6b0ce899de6ac0/8/7/87004759_tc_d1_jcgdhfeffrxc8qbc_1.jpg
MANGO ,Áo Sơ Mi Chain,1.299.000,https://www.acfc.com.vn/mango-ao-so-mi-chain-mango-37014400-43.html,https://exacdn.acfc.com.vn/media/catalog/product/cache/e0eb9f74eaaa356eac6b0ce899de6ac0/3/7/37014400_43_ywe2ex0nfa6wo7ko.jpg
MANGO ,Áo Len Sauce,1.299.000,https://www.acfc.com.vn/mango-ao-len-sauce-mango-37044395-88.html,https://exacdn.acfc.com.vn/media/catalog/product/cache/e0eb9f74eaaa356eac6b0ce899de6ac0/3/7/37044395_88_zis2pw01vlhuw2t9.jpg
TOMMY JEANS ,Áo Thun Nữ Tay Ngắn Tj Linear Logo,1.199.000,https://www.acfc.com.vn/tommy-jeans-ao-thun-nu-tay-ngan-tj-linear-logo-thj-dw0dw10057-c87.html,https://exacdn.acfc.com.vn/media/catalog/product/cache/e0eb9f74eaaa356eac6b0ce899de6ac0/d/w/dw0dw10057_c87_main__main__2.jpg
CK UNDERWEAR ,Áo Ngực Nữ Triangle Fit,944.300,https://www.acfc.com.vn/ck-underwear-ao-nguc-nu-triangle-fit-ck-qf6683-vdd.html,https://exacdn.acfc.com.vn/media/catalog/product/cache/e0eb9f74eaaa356eac6b0ce899de6ac0/0/0/0082281-000qf6683evdd-mo-bt-f1_3.jpg
COTTON ON BODY ,Quần Ngắn Thể Thao Nữ-Lifestyle Move Jogger Short,529.000,https://www.acfc.com.vn/body-quan-ngan-the-thao-nu-lifestyle-move-jogger-short-coc-6331810-15.html,https://exacdn.acfc.com.vn/media/catalog/product/cache/e0eb9f74eaaa356eac6b0ce899de6ac0/6/3/6331810-15-2_lbgfvzehmpihk2t9.jpg
OVS ,Quần Dài Nữ,1.299.000,https://www.acfc.com.vn/ovs-quan-dai-nu-ovs-1605022-1605022.html,https://exacdn.acfc.com.vn/media/catalog/product/cache/e0eb9f74eaaa356eac6b0ce899de6ac0/1/2/12136729_mgmrcfweamlcmud7.jpg
LEVI'S ,Quần Jeans Nữ Dài 711,799.000,https://www.acfc.com.vn/levi-s-quan-jeans-nu-dai-711-levis-18881-0012.html,https://exacdn.acfc.com.vn/media/catalog/product/cache/e0eb9f74eaaa356eac6b0ce899de6ac0/5/1/51e3fad9efff334da8e141d9dac46abc_0048_18881-0012.jpg
TOMMY HILFIGER ,Áo Thun Nữ Tay Ngắn,1.499.000,https://www.acfc.com.vn/tommy-hilfiger-ao-thun-nu-tay-ngan-tommy-ww0ww28681-bds.html,https://exacdn.acfc.com.vn/media/catalog/product/cache/e0eb9f74eaaa356eac6b0ce899de6ac0/w/w/ww0ww28681-bds_vwppjsl0yp92grxk.jpg
LEVI'S ,Áo Sơ Mi Nữ Tay Dài,1.299.000,https://www.acfc.com.vn/levi-s-ao-so-mi-nu-tay-dai-levis-a0866-0000.html,https://exacdn.acfc.com.vn/media/catalog/product/cache/e0eb9f74eaaa356eac6b0ce899de6ac0/a/0/a0866-0000-cropfront_1.jpg
CK JEANS ,Áo Nỉ Nữ Fashion Fit,2.599.000,https://www.acfc.com.vn/ck-jeans-ao-ni-nu-fashion-fit-ck-j219668-yaf.html,https://exacdn.acfc.com.vn/media/catalog/product/cache/e0eb9f74eaaa356eac6b0ce899de6ac0/j/2/j219668-yaf-1_1.jpg
CK PERFORMANCE ,Quần Thun Thể Thao Nữ High Rise Fit,1.099.500,https://www.acfc.com.vn/ck-performance-quan-thun-the-thao-nu-high-rise-fit-ck-4ws1l654-401.html,https://exacdn.acfc.com.vn/media/catalog/product/cache/e0eb9f74eaaa356eac6b0ce899de6ac0/4/w/4ws1l654-401-2_1.jpg
GAP ,Áo Thun Tay Ngắn Nữ - Graphic,499.000,https://www.acfc.com.vn/gap-ao-thun-tay-ngan-nu-graphic-gap-842000-16.html,https://exacdn.acfc.com.vn/media/catalog/product/cache/e0eb9f74eaaa356eac6b0ce899de6ac0/c/n/cn29398813_ta6c4chskqgoorar.jpg
FRENCH CONNECTION ,Đầm Nữ Floral Drape Strappy Maxi Drss,2.699.000,https://www.acfc.com.vn/french-connection-dam-nu-floral-drape-strappy-maxi-drss-fcuk-71qed-42.html,https://exacdn.acfc.com.vn/media/catalog/product/cache/e0eb9f74eaaa356eac6b0ce899de6ac0/7/1/71qed-42-1_1.jpg
FRENCH CONNECTION ,Áo Len Nữ FCUK Shrunkn Crew Neck Sweater,1.399.000,https://www.acfc.com.vn/french-connection-ao-len-nu-fcuk-shrunkn-crew-neck-sweater-fcuk-77bz5-60.html,https://exacdn.acfc.com.vn/media/catalog/product/cache/e0eb9f74eaaa356eac6b0ce899de6ac0/7/7/77bz5-womens-cr-chalkypink-fcuk-shrunken-crew-neck-sweatshirt-1_2.jpg
PARFOIS ,Áo Len Pecas Soltas,1.390.000,https://www.acfc.com.vn/parfois-ao-len-pe-as-soltas-parfoi-180825-gyu-gy.html,https://exacdn.acfc.com.vn/media/catalog/product/cache/e0eb9f74eaaa356eac6b0ce899de6ac0/1/8/180825_gy_1y_1.jpg
CK UNDERWEAR ,Quần Lót Nữ Bikini Fit,799.000,https://www.acfc.com.vn/ck-underwear-quan-lot-nu-bikini-fit-ck-qf6761ad-bkc.html,https://exacdn.acfc.com.vn/media/catalog/product/cache/e0eb9f74eaaa356eac6b0ce899de6ac0/q/f/qf6761ad-bkc-1_1.jpg
OVS ,Quần Dài Nữ,499.000,https://www.acfc.com.vn/ovs-quan-dai-nu-ovs-1078081-1078081.html,https://exacdn.acfc.com.vn/media/catalog/product/cache/e0eb9f74eaaa356eac6b0ce899de6ac0/1/1/11599182_yolgbwz4enq1ev5y_4_1.jpg
OVS ,Quần Dài Nữ,699.000,https://www.acfc.com.vn/ovs-quan-dai-nu-ovs-1485817-1485822.html,https://exacdn.acfc.com.vn/media/catalog/product/cache/e0eb9f74eaaa356eac6b0ce899de6ac0/1/1/11990484_tvjnd0rtqgwf1lll.jpg
LEVI'S ,Quần Jeans Nữ Dài,1.599.000,https://www.acfc.com.vn/levi-s-quan-jeans-nu-dai--levis-38658-0003.html,https://exacdn.acfc.com.vn/media/catalog/product/cache/e0eb9f74eaaa356eac6b0ce899de6ac0/3/8/38658-0003-modelfront_2_2.jpg
GAP ,Bộ Áo Liền Quần Nữ - Jumpsuit,599.000,https://www.acfc.com.vn/bo-ao-lien-quan-nu-jumpsuit-gap-593763-00.html,https://exacdn.acfc.com.vn/media/catalog/product/cache/e0eb9f74eaaa356eac6b0ce899de6ac0/g/a/ga020ewkbff2_12226547_1_v1_2x_result_1.jpg
COTTON ON BODY ,Áo Bra Thể Thao Nữ-Workout Cut Out Crop,429.000,https://www.acfc.com.vn/body-ao-bra-the-thao-nu-workout-cut-out-crop-coc-669034-08.html,https://exacdn.acfc.com.vn/media/catalog/product/cache/e0eb9f74eaaa356eac6b0ce899de6ac0/6/6/669034-08-1_xzdgwzxnwhypvepb_2.jpg
OLD NAVY ,Quần Dài Nữ Ống Đứng,995.000,https://www.acfc.com.vn/old-navy-quan-dai-nu-ong-dung-oln-723570-00.html,https://exacdn.acfc.com.vn/media/catalog/product/cache/e0eb9f74eaaa356eac6b0ce899de6ac0/c/n/cn27475085_kodejyjv9vdm6n69.jpg
TOMMY HILFIGER ,Áo Kiểu Nữ Tay Ngắn Viscose Polkadot Henley Ss,3.099.000,https://www.acfc.com.vn/tommy-hilfiger-ao-kieu-nu-tay-ngan-viscose-polkadot-henley-ss-tommy-ww0ww34099-0lc.html,https://exacdn.acfc.com.vn/media/catalog/product/cache/e0eb9f74eaaa356eac6b0ce899de6ac0/w/w/ww0ww340990lc_f_ak6ulpcttvebcvjv.png
CK JEANS ,Áo Thun Nữ Modern Straight Fit,2.029.000,https://www.acfc.com.vn/ck-jeans-ao-thun-nu-modern-straight-fit-ck-j218769-ta1.html,https://exacdn.acfc.com.vn/media/catalog/product/cache/e0eb9f74eaaa356eac6b0ce899de6ac0/j/2/j218769-ta1-1_1.jpg
GAP ,Áo Thun Tay Dài Nữ,299.000,https://www.acfc.com.vn/ao-thun-tay-dai-nu-gap-646867-00.html,https://exacdn.acfc.com.vn/media/catalog/product/cache/e0eb9f74eaaa356eac6b0ce899de6ac0/6/4/646867-00-1_puhlrk3jvjmb2jqd.jpg
BANANA REPUBLIC ,Áo Khoác Nữ,7.550.000,https://www.acfc.com.vn/banana-republic-ao-khoac-nu-br-747076-00.html,https://exacdn.acfc.com.vn/media/catalog/product/cache/e0eb9f74eaaa356eac6b0ce899de6ac0/c/n/cn27224989_ucpjw4etzijkjpnl.jpg
TOMMY JEANS ,Áo Thun Nữ Tay Ngắn Tjw Linear Logo Tee,1.199.000,https://www.acfc.com.vn/tommy-jeans-ao-thun-nu-tay-ngan-tjw-linear-logo-tee-thj-dw0dw10057-bds.html,https://exacdn.acfc.com.vn/media/catalog/product/cache/e0eb9f74eaaa356eac6b0ce899de6ac0/d/w/dw0dw10057_bds_main__main__qcsn6ai9blrfxcwc.jpg
COTTON ON ,Áo Thun Cộc Tay Nữ - Seamless Benni High Neck Tank,349.000,https://www.acfc.com.vn/cotton-on-seamless-benni-high-neck-tank-ao-thun-coc-tay-nu-coc-2052732-52.html,https://exacdn.acfc.com.vn/media/catalog/product/cache/e0eb9f74eaaa356eac6b0ce899de6ac0/2/0/2052732-52-2_vuohefi5zzimfsjx.jpg
TOMMY JEANS ,Áo Thun Nữ Tay Ngắn TJW Reg Tj Sports Club SS,1.299.000,https://www.acfc.com.vn/tommy-jeans-ao-thun-nu-tay-ngan-tjw-reg-tj-sports-club-ss-thj-dw0dw13736-ybl.html,https://exacdn.acfc.com.vn/media/catalog/product/cache/e0eb9f74eaaa356eac6b0ce899de6ac0/d/w/dw0dw13736_ybl_main__main__dbwwdbajskfxbwfb.jpg
BANANA REPUBLIC ,Đầm Nữ,4.250.000,https://www.acfc.com.vn/banana-republic-dam-nu-br-796673-00.html,https://exacdn.acfc.com.vn/media/catalog/product/cache/e0eb9f74eaaa356eac6b0ce899de6ac0/7/9/796673-00-1_1.jpg
CK PERFORMANCE ,Áo Bra Thể Thao Nữ Medium Support Fit,1.499.000,https://www.acfc.com.vn/ck-performance-ao-thun-the-thao-nu-medium-support-fit-ck-4ws2k160-001.html,https://exacdn.acfc.com.vn/media/catalog/product/cache/e0eb9f74eaaa356eac6b0ce899de6ac0/4/w/4ws2k160-001-1_1.jpg
BANANA REPUBLIC ,Áo Len Tay Dài Nữ,2.250.000,https://www.acfc.com.vn/banana-republic-ao-len-tay-dai-nu-br-749421-01.html,https://exacdn.acfc.com.vn/media/catalog/product/cache/e0eb9f74eaaa356eac6b0ce899de6ac0/c/n/cn27675314_jvd2zdl2j1lwwvr3.jpg
CK UNDERWEAR ,Áo Ngực Nữ Plunge Fit,899.400,https://www.acfc.com.vn/ck-underwear-ao-nguc-nu-plunge-fit-ck-qf5742ad-w2h.html,https://exacdn.acfc.com.vn/media/catalog/product/cache/e0eb9f74eaaa356eac6b0ce899de6ac0/q/f/qf5746ad-w2h-1_1_1.jpg
OLD NAVY ,Quần Dài Nữ Slim Fit,399.000,https://www.acfc.com.vn/old-navy-quan-dai-nu-slim-fit-oln-645377-00.html,https://exacdn.acfc.com.vn/media/catalog/product/cache/e0eb9f74eaaa356eac6b0ce899de6ac0/6/4/645377-00-1_1__1.jpg
PARFOIS ,Áo Nữ Pending,1.390.000,https://www.acfc.com.vn/parfois-ao-nu-pending-parfoi-181278-bum-l-bu.html,https://exacdn.acfc.com.vn/media/catalog/product/cache/e0eb9f74eaaa356eac6b0ce899de6ac0/1/8/181278_bum-l1_1.jpg
COTTON ON ,Đầm Mini Nữ-Woven Verity Slvless Collar Mi,395.000,https://www.acfc.com.vn/cotton-on-dam-mini-nu-woven-verity-slvless-collar-mi-coc-2052460-05.html,https://exacdn.acfc.com.vn/media/catalog/product/cache/e0eb9f74eaaa356eac6b0ce899de6ac0/2/0/2052460-05-2_tmtboy6bak8vu0qq.jpg
TOMMY HILFIGER ,Áo Sơ Mi Nữ Tay Dài Vis Twill Geo Fleur Relaxed Ls,3.999.000,https://www.acfc.com.vn/tommy-hilfiger-ao-so-mi-nu-tay-dai-vis-twill-geo-fleur-relaxed-ls-tommy-ww0ww34607-0j0.html,https://exacdn.acfc.com.vn/media/catalog/product/cache/e0eb9f74eaaa356eac6b0ce899de6ac0/w/w/ww0ww34607_0j0_main__main__5mctl1c7yxxosril.jpg
MANGO ,Đầm Heydi,1.299.000,https://www.acfc.com.vn/mango-dam-heydi-mango-17055935-43.html,https://exacdn.acfc.com.vn/media/catalog/product/cache/e0eb9f74eaaa356eac6b0ce899de6ac0/1/7/17055935_43-99999999_01_phbnkrl4z7xhykbi.jpg
COTTON ON BODY ,Quần Tập Yoga Nữ-Contouring Petite Yoga Flare,295.000,https://www.acfc.com.vn/body-quan-tap-yoga-nu-contouring-petite-yoga-flare-coc-6333618-02.html,https://exacdn.acfc.com.vn/media/catalog/product/cache/e0eb9f74eaaa356eac6b0ce899de6ac0/6/3/6333618-02-2_nfvewlgojc62btiz.jpg
OVS ,Quần Jeans Nữ,199.000,https://www.acfc.com.vn/ovs-quan-jeans-nu-ovs-799630-799630.html,https://exacdn.acfc.com.vn/media/catalog/product/cache/e0eb9f74eaaa356eac6b0ce899de6ac0/1/1/11301799_1.jpeg
LEVI'S ,Quần Jeans Nữ Dài 721,1.499.000,https://www.acfc.com.vn/levi-s-quan-jeans-nu-dai-721-levis-74752-0000.html,https://exacdn.acfc.com.vn/media/catalog/product/cache/e0eb9f74eaaa356eac6b0ce899de6ac0/6/a/6aca586cf4065e04f949c8eb347248e0_0015_74752-0000-1_6.jpg
OLD NAVY ,Quần Nữ,595.000,https://www.acfc.com.vn/old-navy-quan-nu-oln-678691-04.html,https://exacdn.acfc.com.vn/media/catalog/product/cache/e0eb9f74eaaa356eac6b0ce899de6ac0/c/n/cn26940321_72bsl4domq9k5a4s_1.jpg
CK JEANS ,Quần Ngắn Nữ Mom Fit,2.899.000,https://www.acfc.com.vn/ck-jeans-quan-ngan-nu-mom-fit-ck-j218945-1a4.html,https://exacdn.acfc.com.vn/media/catalog/product/cache/e0eb9f74eaaa356eac6b0ce899de6ac0/j/2/j218945-1a4-1_2.jpg
COTTON ON ,Áo Len Dài Tay Nữ-Cotton Cropped Pullover,395.000,https://www.acfc.com.vn/cotton-on-ao-len-dai-tay-nu-cotton-cropped-pullover-coc-2050537-33.html,https://exacdn.acfc.com.vn/media/catalog/product/cache/e0eb9f74eaaa356eac6b0ce899de6ac0/2/0/2050537-33-1_kvj1525qqwlkkuim_2.jpg
CK JEANS ,Quần Jeans Nữ Straight Leg Fit,4.429.000,https://www.acfc.com.vn/ck-jeans-quan-jeans-nu-straight-leg-fit-ck-j218786-1a4.html,https://exacdn.acfc.com.vn/media/catalog/product/cache/e0eb9f74eaaa356eac6b0ce899de6ac0/j/2/j218786-1a4-1_1.jpg
CK PERFORMANCE ,Áo Thun Thể Thao Nữ Regular Fit,1.299.000,https://www.acfc.com.vn/ck-performance-ao-thun-the-thao-nu-regular-fit-ck-4ws2k187-110.html,https://exacdn.acfc.com.vn/media/catalog/product/cache/e0eb9f74eaaa356eac6b0ce899de6ac0/4/w/4ws2k187-110-item-2_1.jpg
PARFOIS ,Áo Cardigan Chalé,1.590.000,https://www.acfc.com.vn/parfois-ao-cardigan-chale-parfoi-192462-rou-ro.html,https://exacdn.acfc.com.vn/media/catalog/product/cache/e0eb9f74eaaa356eac6b0ce899de6ac0/1/9/192462_ro_1y_iwouwufcxxtzu45d.jpg
MANGO ,Đầm Patagon3,1.699.000,https://www.acfc.com.vn/mango-dam-patagon3-mango-37083853-99.html,https://exacdn.acfc.com.vn/media/catalog/product/cache/e0eb9f74eaaa356eac6b0ce899de6ac0/3/7/37083853_99-99999999_01_myqci19xyxbopjcx.jpg
BANANA REPUBLIC ,Áo Len Tay Dài Nữ,2.150.000,https://www.acfc.com.vn/banana-republic-ao-len-tay-dai-nu-br-749163-00.html,https://exacdn.acfc.com.vn/media/catalog/product/cache/e0eb9f74eaaa356eac6b0ce899de6ac0/c/n/cn26963035_uqf5zqdu4p74albt.jpg
OLD NAVY ,Quần Nữ,299.000,https://www.acfc.com.vn/old-navy-quan-nu-oln-551184-00.html,https://exacdn.acfc.com.vn/media/catalog/product/cache/e0eb9f74eaaa356eac6b0ce899de6ac0/5/5/551184-00-1_2.jpg
CK JEANS ,Chân Váy Nữ Knee Fit,2.159.400,https://www.acfc.com.vn/ck-jeans-chan-vay-nu-knee-fit-ck-j215436-1bj.html,https://exacdn.acfc.com.vn/media/catalog/product/cache/e0eb9f74eaaa356eac6b0ce899de6ac0/j/2/j215436-1bj-item-2_yxiacro9ipp1p3in_4.jpg
LEVI'S ,Áo Liền Quần Nữ Ngắn,1.799.000,https://www.acfc.com.vn/levi-s-ao-lien-quan-nu-ngan-levis-a0901-0000.html,https://exacdn.acfc.com.vn/media/catalog/product/cache/e0eb9f74eaaa356eac6b0ce899de6ac0/a/0/a0901-0000-1_at5t1qce9bmksoqc.jpg
COTTON ON BODY ,Áo Thun Thể Thao Nữ - The Tank,349.000,https://www.acfc.com.vn/body-ao-thun-the-thao-nu-the-tank-coc-6334730-01.html,https://exacdn.acfc.com.vn/media/catalog/product/cache/e0eb9f74eaaa356eac6b0ce899de6ac0/6/3/6334730-01-2_6cjkibk26h7gjib6.jpg
OVS ,Áo Chui Đầu Nữ,299.000,https://www.acfc.com.vn/ovs-ao-chui-dau-nu-ovs-892656-892662.html,https://exacdn.acfc.com.vn/media/catalog/product/cache/e0eb9f74eaaa356eac6b0ce899de6ac0/1/1/11419157_1.jpg
BANANA REPUBLIC ,Áo Sơ Mi Nữ Tay Dài,1.750.000,https://www.acfc.com.vn/banana-republic-ao-kieu-nu-tay-dai-br-839919-09.html,https://exacdn.acfc.com.vn/media/catalog/product/cache/e0eb9f74eaaa356eac6b0ce899de6ac0/8/3/839919-09-1_1.jpg
COTTON ON ,Áo Shacket Nữ-The Shacket,495.000,https://www.acfc.com.vn/cotton-on-ao-shacket-nu-the-shacket-coc-2052302-13.html,https://exacdn.acfc.com.vn/media/catalog/product/cache/e0eb9f74eaaa356eac6b0ce899de6ac0/2/0/2052302-13-2_z5mdaz1lg7kbkif7.jpg
GAP ,Chân Váy Jeans Nữ - Mini Skirt,1.250.000,https://www.acfc.com.vn/chan-vay-jeans-nu-mini-skirt-gap-909387-00.html,https://exacdn.acfc.com.vn/media/catalog/product/cache/e0eb9f74eaaa356eac6b0ce899de6ac0/c/n/cn20270572_7wjnios33lko3pl3.jpg
OVS ,Quần Jeans Nữ,499.000,https://www.acfc.com.vn/ovs-quan-jeans-nu-ovs-1074774-1074774.html,https://exacdn.acfc.com.vn/media/catalog/product/cache/e0eb9f74eaaa356eac6b0ce899de6ac0/1/1/11580418_jar5m3gclun0yu8r_5_1.jpg
FRENCH CONNECTION ,Áo Len Fcuk Oversized Crew Nck Sweatr,1.499.000,https://www.acfc.com.vn/french-connection-ao-len-nu-fcuk-oversized-crew-nck-sweatr-fcuk-77bz1-10.html,https://exacdn.acfc.com.vn/media/catalog/product/cache/e0eb9f74eaaa356eac6b0ce899de6ac0/7/7/77bz1-mens-fu-white-fcuk-oversized-sweatshirt-5_1_1.jpg
COTTON ON BODY ,Áo Thun Thể Thao Nữ-Active Curve Hem Tank,195.000,https://www.acfc.com.vn/body-ao-thun-the-thao-nu-active-curve-hem-tank-coc-668833-35.html,https://exacdn.acfc.com.vn/media/catalog/product/cache/e0eb9f74eaaa356eac6b0ce899de6ac0/6/6/668833-35-2_jk9h3qzcuk45qgbu.jpg
